  0
SECTION
  2
HEADER
  9
$ACADVER
  1
AC1009
  0
ENDSEC
  0
SECTION
  2
BLOCKS
  0
BLOCK
  8
1
  2
Right Sleeve_M
  70
64
  10
0
  20
0
  0
POLYLINE
  8
1
  66
1
  70
1
  250
0
  0
VERTEX
  8
1
  10
-651.973206
  20
765.000671
  0
VERTEX
  8
1
  10
-765.826721
  20
765.399475
  0
VERTEX
  8
1
  10
-887.656799
  20
764.965820
  0
VERTEX
  8
1
  10
-997.531494
  20
1275.734253
  0
VERTEX
  8
1
  10
-989.395996
  20
1282.452881
  0
VERTEX
  8
1
  10
-980.045410
  20
1290.233521
  0
VERTEX
  8
1
  10
-970.818970
  20
1298.160278
  0
VERTEX
  8
1
  10
-961.830505
  20
1306.355713
  0
VERTEX
  8
1
  10
-953.211487
  20
1314.937622
  0
VERTEX
  8
1
  10
-945.109436
  20
1324.008545
  0
VERTEX
  8
1
  10
-937.610596
  20
1333.583740
  0
VERTEX
  8
1
  10
-930.722900
  20
1343.608276
  0
VERTEX
  8
1
  10
-924.450623
  20
1354.028687
  0
VERTEX
  8
1
  10
-918.798889
  20
1364.798584
  0
VERTEX
  8
1
  10
-913.775513
  20
1375.875366
  0
VERTEX
  8
1
  10
-909.392578
  20
1387.220947
  0
VERTEX
  8
1
  10
-905.656006
  20
1398.328125
  0
VERTEX
  8
1
  10
-904.835327
  20
1399.623291
  0
VERTEX
  8
1
  10
-900.685547
  20
1406.172363
  0
VERTEX
  8
1
  10
-813.792480
  20
1543.305542
  0
VERTEX
  8
1
  10
-796.956726
  20
1543.615967
  0
VERTEX
  8
1
  10
-790.561646
  20
1534.457764
  0
VERTEX
  8
1
  10
-785.762024
  20
1528.489136
  0
VERTEX
  8
1
  10
-780.007141
  20
1523.440063
  0
VERTEX
  8
1
  10
-774.088806
  20
1518.573608
  0
VERTEX
  8
1
  10
-772.440491
  20
1517.144897
  0
VERTEX
  8
1
  10
-771.259888
  20
1516.224365
  0
VERTEX
  8
1
  10
-770.561523
  20
1515.787964
  0
VERTEX
  8
1
  10
-769.082458
  20
1515.154785
  0
VERTEX
  8
1
  10
-766.472717
  20
1514.332764
  0
VERTEX
  8
1
  10
-762.516479
  20
1513.021729
  0
VERTEX
  8
1
  10
-754.556030
  20
1510.728516
  0
VERTEX
  8
1
  10
-744.630981
  20
1508.252441
  0
VERTEX
  8
1
  10
-738.406555
  20
1506.784912
  0
VERTEX
  8
1
  10
-732.094421
  20
1505.776978
  0
VERTEX
  8
1
  10
-725.719727
  20
1505.267822
  0
VERTEX
  8
1
  10
-707.776611
  20
1504.155029
  0
VERTEX
  8
1
  10
-640.181763
  20
1367.221069
  0
VERTEX
  8
1
  10
-639.214111
  20
1365.504639
  0
VERTEX
  8
1
  10
-633.570435
  20
1355.584106
  0
VERTEX
  8
1
  10
-627.755554
  20
1345.763062
  0
VERTEX
  8
1
  10
-621.617554
  20
1336.141235
  0
VERTEX
  8
1
  10
-614.995300
  20
1326.847290
  0
VERTEX
  8
1
  10
-607.728027
  20
1318.050049
  0
VERTEX
  8
1
  10
-599.682495
  20
1309.960938
  0
VERTEX
  8
1
  10
-590.933655
  20
1302.635376
  0
VERTEX
  8
1
  10
-581.719116
  20
1295.902100
  0
VERTEX
  8
1
  10
-572.225525
  20
1289.567017
  0
VERTEX
  8
1
  10
-562.594238
  20
1283.442749
  0
VERTEX
  8
1
  10
-553.208496
  20
1277.539551
  0
SEQEND
  0
TEXT
  8
1
  10
-651.973206
  20
765.000671
  40
0.250000
  50
0.000000
  1
# 13
  7
STANDARD
  0
TEXT
  8
1
  10
-765.826721
  20
765.399475
  40
0.250000
  50
0.000000
  1
# 273
  7
STANDARD
  0
TEXT
  8
1
  10
-887.656799
  20
764.965820
  40
0.250000
  50
0.000000
  1
# 274
  7
STANDARD
  0
TEXT
  8
1
  10
-997.531494
  20
1275.734253
  40
0.250000
  50
0.000000
  1
# 275
  7
STANDARD
  0
TEXT
  8
1
  10
-989.395996
  20
1282.452881
  40
0.250000
  50
0.000000
  1
# 276
  7
STANDARD
  0
TEXT
  8
1
  10
-909.392578
  20
1387.220947
  40
0.250000
  50
0.000000
  1
# 277
  7
STANDARD
  0
TEXT
  8
1
  10
-905.656006
  20
1398.328125
  40
0.250000
  50
0.000000
  1
# 278
  7
STANDARD
  0
TEXT
  8
1
  10
-813.792480
  20
1543.305542
  40
0.250000
  50
0.000000
  1
# 279
  7
STANDARD
  0
TEXT
  8
1
  10
-796.956726
  20
1543.615967
  40
0.250000
  50
0.000000
  1
# 280
  7
STANDARD
  0
TEXT
  8
1
  10
-790.561646
  20
1534.457764
  40
0.250000
  50
0.000000
  1
# 281
  7
STANDARD
  0
TEXT
  8
1
  10
-769.082458
  20
1515.154785
  40
0.250000
  50
0.000000
  1
# 282
  7
STANDARD
  0
TEXT
  8
1
  10
-766.472717
  20
1514.332764
  40
0.250000
  50
0.000000
  1
# 283
  7
STANDARD
  0
TEXT
  8
1
  10
-762.516479
  20
1513.021729
  40
0.250000
  50
0.000000
  1
# 284
  7
STANDARD
  0
TEXT
  8
1
  10
-725.719727
  20
1505.267822
  40
0.250000
  50
0.000000
  1
# 285
  7
STANDARD
  0
TEXT
  8
1
  10
-707.776611
  20
1504.155029
  40
0.250000
  50
0.000000
  1
# 286
  7
STANDARD
  0
TEXT
  8
1
  10
-640.181763
  20
1367.221069
  40
0.250000
  50
0.000000
  1
# 287
  7
STANDARD
  0
TEXT
  8
1
  10
-639.214111
  20
1365.504639
  40
0.250000
  50
0.000000
  1
# 288
  7
STANDARD
  0
TEXT
  8
1
  10
-562.594238
  20
1283.442749
  40
0.250000
  50
0.000000
  1
# 289
  7
STANDARD
  0
TEXT
  8
1
  10
-553.208496
  20
1277.539551
  40
0.250000
  50
0.000000
  1
# 290
  7
STANDARD
  0
POINT
  8
2
  10
-651.973206
  20
765.000671
  0
POINT
  8
2
  10
-765.826721
  20
765.399475
  0
POINT
  8
2
  10
-887.656799
  20
764.965820
  0
POINT
  8
2
  10
-997.531494
  20
1275.734253
  0
POINT
  8
2
  10
-989.395996
  20
1282.452881
  0
POINT
  8
2
  10
-909.392578
  20
1387.220947
  0
POINT
  8
2
  10
-905.656006
  20
1398.328125
  0
POINT
  8
2
  10
-813.792480
  20
1543.305542
  0
POINT
  8
2
  10
-796.956726
  20
1543.615967
  0
POINT
  8
2
  10
-790.561646
  20
1534.457764
  0
POINT
  8
2
  10
-769.082458
  20
1515.154785
  0
POINT
  8
2
  10
-766.472717
  20
1514.332764
  0
POINT
  8
2
  10
-762.516479
  20
1513.021729
  0
POINT
  8
2
  10
-725.719727
  20
1505.267822
  0
POINT
  8
2
  10
-707.776611
  20
1504.155029
  0
POINT
  8
2
  10
-640.181763
  20
1367.221069
  0
POINT
  8
2
  10
-639.214111
  20
1365.504639
  0
POINT
  8
2
  10
-562.594238
  20
1283.442749
  0
POINT
  8
2
  10
-553.208496
  20
1277.539551
  0
POINT
  8
3
  10
-980.045410
  20
1290.233521
  0
POINT
  8
3
  10
-970.818970
  20
1298.160278
  0
POINT
  8
3
  10
-961.830505
  20
1306.355713
  0
POINT
  8
3
  10
-953.211487
  20
1314.937622
  0
POINT
  8
3
  10
-945.109436
  20
1324.008545
  0
POINT
  8
3
  10
-937.610596
  20
1333.583740
  0
POINT
  8
3
  10
-930.722900
  20
1343.608276
  0
POINT
  8
3
  10
-924.450623
  20
1354.028687
  0
POINT
  8
3
  10
-918.798889
  20
1364.798584
  0
POINT
  8
3
  10
-913.775513
  20
1375.875366
  0
POINT
  8
3
  10
-904.835327
  20
1399.623291
  0
POINT
  8
3
  10
-900.685547
  20
1406.172363
  0
POINT
  8
3
  10
-785.762024
  20
1528.489136
  0
POINT
  8
3
  10
-780.007141
  20
1523.440063
  0
POINT
  8
3
  10
-774.088806
  20
1518.573608
  0
POINT
  8
3
  10
-772.440491
  20
1517.144897
  0
POINT
  8
3
  10
-771.259888
  20
1516.224365
  0
POINT
  8
3
  10
-770.561523
  20
1515.787964
  0
POINT
  8
3
  10
-754.556030
  20
1510.728516
  0
POINT
  8
3
  10
-744.630981
  20
1508.252441
  0
POINT
  8
3
  10
-738.406555
  20
1506.784912
  0
POINT
  8
3
  10
-732.094421
  20
1505.776978
  0
POINT
  8
3
  10
-633.570435
  20
1355.584106
  0
POINT
  8
3
  10
-627.755554
  20
1345.763062
  0
POINT
  8
3
  10
-621.617554
  20
1336.141235
  0
POINT
  8
3
  10
-614.995300
  20
1326.847290
  0
POINT
  8
3
  10
-607.728027
  20
1318.050049
  0
POINT
  8
3
  10
-599.682495
  20
1309.960938
  0
POINT
  8
3
  10
-590.933655
  20
1302.635376
  0
POINT
  8
3
  10
-581.719116
  20
1295.902100
  0
POINT
  8
3
  10
-572.225525
  20
1289.567017
  0
POINT
  8
4
  10
-904.835327
  20
1399.623291
  30
7.000000
  39
0.000000
  50
327.636902
  0
POINT
  8
4
  10
-900.685547
  20
1406.172363
  30
7.000000
  39
0.000000
  50
327.642822
  0
POINT
  8
4
  10
-640.181763
  20
1367.221069
  30
7.000000
  39
0.000000
  50
207.842911
  0
POLYLINE
  8
84
  66
1
  70
1
  250
1
  0
VERTEX
  8
84
  10
-765.826721
  20
765.399475
  0
VERTEX
  8
84
  10
-887.656799
  20
764.965820
  0
VERTEX
  8
84
  10
-997.531494
  20
1275.734253
  0
VERTEX
  8
84
  10
-989.395996
  20
1282.452881
  0
VERTEX
  8
84
  10
-980.045410
  20
1290.233521
  0
VERTEX
  8
84
  10
-970.818970
  20
1298.160278
  0
VERTEX
  8
84
  10
-966.287415
  20
1302.217041
  0
VERTEX
  8
84
  10
-961.830505
  20
1306.355713
  0
VERTEX
  8
84
  10
-957.465210
  20
1310.590698
  0
VERTEX
  8
84
  10
-953.211487
  20
1314.937622
  0
VERTEX
  8
84
  10
-949.088623
  20
1319.408936
  0
VERTEX
  8
84
  10
-945.109436
  20
1324.008545
  0
VERTEX
  8
84
  10
-941.283203
  20
1328.735840
  0
VERTEX
  8
84
  10
-937.610596
  20
1333.583740
  0
VERTEX
  8
84
  10
-934.090393
  20
1338.543457
  0
VERTEX
  8
84
  10
-930.722900
  20
1343.608276
  0
VERTEX
  8
84
  10
-927.508911
  20
1348.771729
  0
VERTEX
  8
84
  10
-924.450623
  20
1354.028687
  0
VERTEX
  8
84
  10
-921.548889
  20
1359.373413
  0
VERTEX
  8
84
  10
-918.798889
  20
1364.798584
  0
VERTEX
  8
84
  10
-916.199951
  20
1370.298218
  0
VERTEX
  8
84
  10
-913.775513
  20
1375.875366
  0
VERTEX
  8
84
  10
-911.533081
  20
1381.527466
  0
VERTEX
  8
84
  10
-909.392578
  20
1387.220947
  0
VERTEX
  8
84
  10
-905.656006
  20
1398.328125
  0
VERTEX
  8
84
  10
-904.835327
  20
1399.623291
  0
VERTEX
  8
84
  10
-900.685547
  20
1406.172363
  0
VERTEX
  8
84
  10
-813.792480
  20
1543.305542
  0
VERTEX
  8
84
  10
-796.956726
  20
1543.615967
  0
VERTEX
  8
84
  10
-790.561646
  20
1534.457764
  0
VERTEX
  8
84
  10
-788.252014
  20
1531.388428
  0
VERTEX
  8
84
  10
-785.762024
  20
1528.489136
  0
VERTEX
  8
84
  10
-782.973328
  20
1525.875488
  0
VERTEX
  8
84
  10
-780.007141
  20
1523.440063
  0
VERTEX
  8
84
  10
-774.088806
  20
1518.573608
  0
VERTEX
  8
84
  10
-772.440491
  20
1517.144897
  0
VERTEX
  8
84
  10
-771.259888
  20
1516.224365
  0
VERTEX
  8
84
  10
-770.561523
  20
1515.787964
  0
VERTEX
  8
84
  10
-769.082458
  20
1515.154785
  0
VERTEX
  8
84
  10
-766.472717
  20
1514.332764
  0
VERTEX
  8
84
  10
-762.516479
  20
1513.021729
  0
VERTEX
  8
84
  10
-754.556030
  20
1510.728516
  0
VERTEX
  8
84
  10
-744.630981
  20
1508.252441
  0
VERTEX
  8
84
  10
-738.406555
  20
1506.784912
  0
VERTEX
  8
84
  10
-732.094421
  20
1505.776978
  0
VERTEX
  8
84
  10
-725.719727
  20
1505.267822
  0
VERTEX
  8
84
  10
-707.776611
  20
1504.155029
  0
VERTEX
  8
84
  10
-640.181763
  20
1367.221069
  0
VERTEX
  8
84
  10
-639.214111
  20
1365.504639
  0
VERTEX
  8
84
  10
-633.570435
  20
1355.584106
  0
VERTEX
  8
84
  10
-627.755554
  20
1345.763062
  0
VERTEX
  8
84
  10
-624.736938
  20
1340.919922
  0
VERTEX
  8
84
  10
-621.617554
  20
1336.141235
  0
VERTEX
  8
84
  10
-618.376953
  20
1331.444092
  0
VERTEX
  8
84
  10
-614.995300
  20
1326.847290
  0
VERTEX
  8
84
  10
-612.652893
  20
1323.848633
  0
VERTEX
  8
84
  10
-610.233337
  20
1320.913696
  0
VERTEX
  8
84
  10
-607.728027
  20
1318.050049
  0
VERTEX
  8
84
  10
-605.133179
  20
1315.267578
  0
VERTEX
  8
84
  10
-602.450806
  20
1312.570801
  0
VERTEX
  8
84
  10
-599.682495
  20
1309.960938
  0
VERTEX
  8
84
  10
-595.381836
  20
1306.210449
  0
VERTEX
  8
84
  10
-590.933655
  20
1302.635376
  0
VERTEX
  8
84
  10
-586.371216
  20
1299.207275
  0
VERTEX
  8
84
  10
-581.719116
  20
1295.902100
  0
VERTEX
  8
84
  10
-572.225525
  20
1289.567017
  0
VERTEX
  8
84
  10
-562.594238
  20
1283.442749
  0
VERTEX
  8
84
  10
-553.208496
  20
1277.539551
  0
VERTEX
  8
84
  10
-651.973206
  20
765.000671
  0
SEQEND
  0
LINE
  8
7
  10
-775.407349
  20
1244.247803
  11
-775.407349
  21
1064.247803
  0
POLYLINE
  8
14
  66
1
  70
1
  250
2
  0
VERTEX
  8
14
  10
-662.452454
  20
777.737549
  0
VERTEX
  8
14
  10
-765.818848
  20
778.099487
  0
VERTEX
  8
14
  10
-877.406128
  20
777.702271
  0
VERTEX
  8
14
  10
-983.492004
  20
1270.857788
  0
VERTEX
  8
14
  10
-939.272644
  20
1311.330811
  0
VERTEX
  8
14
  10
-897.399353
  20
1383.040894
  0
VERTEX
  8
14
  10
-894.107666
  20
1392.825806
  0
VERTEX
  8
14
  10
-889.957886
  20
1399.374878
  0
VERTEX
  8
14
  10
-806.723633
  20
1530.733643
  0
VERTEX
  8
14
  10
-803.492676
  20
1530.793213
  0
VERTEX
  8
14
  10
-798.061523
  20
1523.303833
  0
VERTEX
  8
14
  10
-791.648926
  20
1516.524658
  0
VERTEX
  8
14
  10
-784.308350
  20
1510.631592
  0
VERTEX
  8
14
  10
-776.460266
  20
1504.498291
  0
VERTEX
  8
14
  10
-770.379150
  20
1502.248047
  0
VERTEX
  8
14
  10
-766.276123
  20
1500.888428
  0
VERTEX
  8
14
  10
-757.849548
  20
1498.460815
  0
VERTEX
  8
14
  10
-747.662903
  20
1495.919556
  0
VERTEX
  8
14
  10
-737.218506
  20
1493.637329
  0
VERTEX
  8
14
  10
-726.578552
  20
1492.596680
  0
VERTEX
  8
14
  10
-715.907349
  20
1491.934814
  0
VERTEX
  8
14
  10
-651.415771
  20
1361.287476
  0
VERTEX
  8
14
  10
-612.447205
  20
1304.582397
  0
VERTEX
  8
14
  10
-567.322632
  20
1271.413574
  0
SEQEND
  0
TEXT
  8
14
  10
-662.452454
  20
777.737549
  40
0.250000
  50
0.000000
  1
# 120
  7
STANDARD
  0
TEXT
  8
14
  10
-765.818848
  20
778.099487
  40
0.250000
  50
0.000000
  1
# 256
  7
STANDARD
  0
TEXT
  8
14
  10
-877.406128
  20
777.702271
  40
0.250000
  50
0.000000
  1
# 122
  7
STANDARD
  0
TEXT
  8
14
  10
-983.492004
  20
1270.857788
  40
0.250000
  50
0.000000
  1
# 124
  7
STANDARD
  0
TEXT
  8
14
  10
-939.272644
  20
1311.330811
  40
0.250000
  50
0.000000
  1
# 4
  7
STANDARD
  0
TEXT
  8
14
  10
-897.399353
  20
1383.040894
  40
0.250000
  50
0.000000
  1
# 4
  7
STANDARD
  0
TEXT
  8
14
  10
-894.107666
  20
1392.825806
  40
0.250000
  50
0.000000
  1
# 126
  7
STANDARD
  0
TEXT
  8
14
  10
-806.723633
  20
1530.733643
  40
0.250000
  50
0.000000
  1
# 128
  7
STANDARD
  0
TEXT
  8
14
  10
-803.492676
  20
1530.793213
  40
0.250000
  50
0.000000
  1
# 262
  7
STANDARD
  0
TEXT
  8
14
  10
-798.061523
  20
1523.303833
  40
0.250000
  50
0.000000
  1
# 1
  7
STANDARD
  0
TEXT
  8
14
  10
-791.648926
  20
1516.524658
  40
0.250000
  50
0.000000
  1
# 1
  7
STANDARD
  0
TEXT
  8
14
  10
-784.308350
  20
1510.631592
  40
0.250000
  50
0.000000
  1
# 1
  7
STANDARD
  0
TEXT
  8
14
  10
-776.460266
  20
1504.498291
  40
0.250000
  50
0.000000
  1
# 1
  7
STANDARD
  0
TEXT
  8
14
  10
-770.379150
  20
1502.248047
  40
0.250000
  50
0.000000
  1
# 83
  7
STANDARD
  0
TEXT
  8
14
  10
-766.276123
  20
1500.888428
  40
0.250000
  50
0.000000
  1
# 78
  7
STANDARD
  0
TEXT
  8
14
  10
-757.849548
  20
1498.460815
  40
0.250000
  50
0.000000
  1
# 79
  7
STANDARD
  0
TEXT
  8
14
  10
-747.662903
  20
1495.919556
  40
0.250000
  50
0.000000
  1
# 80
  7
STANDARD
  0
TEXT
  8
14
  10
-737.218506
  20
1493.637329
  40
0.250000
  50
0.000000
  1
# 81
  7
STANDARD
  0
TEXT
  8
14
  10
-726.578552
  20
1492.596680
  40
0.250000
  50
0.000000
  1
# 82
  7
STANDARD
  0
TEXT
  8
14
  10
-715.907349
  20
1491.934814
  40
0.250000
  50
0.000000
  1
# 130
  7
STANDARD
  0
TEXT
  8
14
  10
-651.415771
  20
1361.287476
  40
0.250000
  50
0.000000
  1
# 132
  7
STANDARD
  0
TEXT
  8
14
  10
-612.447205
  20
1304.582397
  40
0.250000
  50
0.000000
  1
# 10
  7
STANDARD
  0
TEXT
  8
14
  10
-567.322632
  20
1271.413574
  40
0.250000
  50
0.000000
  1
# 134
  7
STANDARD
  0
POINT
  8
2
  10
-662.452454
  20
777.737549
  0
POINT
  8
2
  10
-765.818848
  20
778.099487
  0
POINT
  8
2
  10
-877.406128
  20
777.702271
  0
POINT
  8
2
  10
-983.492004
  20
1270.857788
  0
POINT
  8
2
  10
-894.107666
  20
1392.825806
  0
POINT
  8
2
  10
-806.723633
  20
1530.733643
  0
POINT
  8
2
  10
-803.492676
  20
1530.793213
  0
POINT
  8
2
  10
-770.379150
  20
1502.248047
  0
POINT
  8
2
  10
-715.907349
  20
1491.934814
  0
POINT
  8
2
  10
-651.415771
  20
1361.287476
  0
POINT
  8
2
  10
-567.322632
  20
1271.413574
  0
POINT
  8
3
  10
-939.272644
  20
1311.330811
  0
POINT
  8
3
  10
-897.399353
  20
1383.040894
  0
POINT
  8
3
  10
-889.957886
  20
1399.374878
  0
POINT
  8
3
  10
-798.061523
  20
1523.303833
  0
POINT
  8
3
  10
-791.648926
  20
1516.524658
  0
POINT
  8
3
  10
-784.308350
  20
1510.631592
  0
POINT
  8
3
  10
-776.460266
  20
1504.498291
  0
POINT
  8
3
  10
-766.276123
  20
1500.888428
  0
POINT
  8
3
  10
-757.849548
  20
1498.460815
  0
POINT
  8
3
  10
-747.662903
  20
1495.919556
  0
POINT
  8
3
  10
-737.218506
  20
1493.637329
  0
POINT
  8
3
  10
-726.578552
  20
1492.596680
  0
POINT
  8
3
  10
-612.447205
  20
1304.582397
  0
POINT
  8
4
  10
-894.107666
  20
1392.825806
  30
7.000000
  39
0.000000
  50
334.521912
  0
POINT
  8
4
  10
-889.957886
  20
1399.374878
  30
7.000000
  39
0.000000
  50
327.644684
  0
POINT
  8
4
  10
-651.415771
  20
1361.287476
  30
7.000000
  39
0.000000
  50
207.842911
  0
TEXT
  8
15
  10
-772.527832
  20
1139.537598
  40
11.500000
  50
180.000000
  999
11.000000
  1000
3
  1
Right Sleeve
  7
STANDARD
  0
POLYLINE
  8
87
  66
1
  70
1
  250
2
  0
VERTEX
  8
87
  10
-765.818848
  20
778.099487
  0
VERTEX
  8
87
  10
-877.406128
  20
777.702271
  0
VERTEX
  8
87
  10
-983.492004
  20
1270.857788
  0
VERTEX
  8
87
  10
-981.282349
  20
1272.682617
  0
VERTEX
  8
87
  10
-979.074219
  20
1274.508667
  0
VERTEX
  8
87
  10
-976.869080
  20
1276.337158
  0
VERTEX
  8
87
  10
-974.668335
  20
1278.169678
  0
VERTEX
  8
87
  10
-972.473267
  20
1280.007568
  0
VERTEX
  8
87
  10
-970.285339
  20
1281.852417
  0
VERTEX
  8
87
  10
-968.105957
  20
1283.705566
  0
VERTEX
  8
87
  10
-965.936523
  20
1285.568359
  0
VERTEX
  8
87
  10
-963.778381
  20
1287.442383
  0
VERTEX
  8
87
  10
-961.632996
  20
1289.329102
  0
VERTEX
  8
87
  10
-959.501709
  20
1291.229980
  0
VERTEX
  8
87
  10
-957.385925
  20
1293.146240
  0
VERTEX
  8
87
  10
-955.287109
  20
1295.079590
  0
VERTEX
  8
87
  10
-953.206543
  20
1297.031250
  0
VERTEX
  8
87
  10
-951.145752
  20
1299.002930
  0
VERTEX
  8
87
  10
-949.105957
  20
1300.995850
  0
VERTEX
  8
87
  10
-947.088745
  20
1303.011597
  0
VERTEX
  8
87
  10
-945.095337
  20
1305.051392
  0
VERTEX
  8
87
  10
-943.127319
  20
1307.116943
  0
VERTEX
  8
87
  10
-941.185913
  20
1309.209595
  0
VERTEX
  8
87
  10
-939.272644
  20
1311.330811
  0
VERTEX
  8
87
  10
-937.382935
  20
1313.488037
  0
VERTEX
  8
87
  10
-935.523315
  20
1315.674194
  0
VERTEX
  8
87
  10
-933.693970
  20
1317.888428
  0
VERTEX
  8
87
  10
-931.895264
  20
1320.130249
  0
VERTEX
  8
87
  10
-930.127136
  20
1322.398682
  0
VERTEX
  8
87
  10
-928.389954
  20
1324.693237
  0
VERTEX
  8
87
  10
-926.683838
  20
1327.013062
  0
VERTEX
  8
87
  10
-925.009033
  20
1329.357544
  0
VERTEX
  8
87
  10
-923.365601
  20
1331.725952
  0
VERTEX
  8
87
  10
-921.753906
  20
1334.117676
  0
VERTEX
  8
87
  10
-920.174011
  20
1336.531860
  0
VERTEX
  8
87
  10
-918.626160
  20
1338.967896
  0
VERTEX
  8
87
  10
-917.110596
  20
1341.425049
  0
VERTEX
  8
87
  10
-915.627380
  20
1343.902710
  0
VERTEX
  8
87
  10
-914.176758
  20
1346.400024
  0
VERTEX
  8
87
  10
-912.758972
  20
1348.916382
  0
VERTEX
  8
87
  10
-911.374207
  20
1351.451050
  0
VERTEX
  8
87
  10
-910.022583
  20
1354.003296
  0
VERTEX
  8
87
  10
-908.704346
  20
1356.572510
  0
VERTEX
  8
87
  10
-907.419678
  20
1359.157959
  0
VERTEX
  8
87
  10
-906.168701
  20
1361.758911
  0
VERTEX
  8
87
  10
-904.951721
  20
1364.374756
  0
VERTEX
  8
87
  10
-903.768921
  20
1367.004639
  0
VERTEX
  8
87
  10
-902.620361
  20
1369.647827
  0
VERTEX
  8
87
  10
-901.506348
  20
1372.303833
  0
VERTEX
  8
87
  10
-900.427063
  20
1374.971802
  0
VERTEX
  8
87
  10
-899.382690
  20
1377.651123
  0
VERTEX
  8
87
  10
-898.373413
  20
1380.341064
  0
VERTEX
  8
87
  10
-897.399353
  20
1383.040894
  0
VERTEX
  8
87
  10
-894.107666
  20
1392.825806
  0
VERTEX
  8
87
  10
-889.957886
  20
1399.374878
  0
VERTEX
  8
87
  10
-848.340759
  20
1465.054199
  0
VERTEX
  8
87
  10
-806.723633
  20
1530.733643
  0
VERTEX
  8
87
  10
-803.492676
  20
1530.793213
  0
VERTEX
  8
87
  10
-800.844543
  20
1527.000977
  0
VERTEX
  8
87
  10
-798.061523
  20
1523.303833
  0
VERTEX
  8
87
  10
-796.052551
  20
1520.918457
  0
VERTEX
  8
87
  10
-793.917236
  20
1518.649414
  0
VERTEX
  8
87
  10
-791.648926
  20
1516.524658
  0
VERTEX
  8
87
  10
-788.001892
  20
1513.570557
  0
VERTEX
  8
87
  10
-784.308350
  20
1510.631592
  0
VERTEX
  8
87
  10
-782.409485
  20
1508.979004
  0
VERTEX
  8
87
  10
-780.510681
  20
1507.333130
  0
VERTEX
  8
87
  10
-778.548706
  20
1505.803223
  0
VERTEX
  8
87
  10
-776.460266
  20
1504.498291
  0
VERTEX
  8
87
  10
-773.499512
  20
1503.231079
  0
VERTEX
  8
87
  10
-770.379150
  20
1502.248047
  0
VERTEX
  8
87
  10
-766.276123
  20
1500.888428
  0
VERTEX
  8
87
  10
-757.849548
  20
1498.460815
  0
VERTEX
  8
87
  10
-747.662903
  20
1495.919556
  0
VERTEX
  8
87
  10
-742.459839
  20
1494.669434
  0
VERTEX
  8
87
  10
-737.218506
  20
1493.637329
  0
VERTEX
  8
87
  10
-731.915405
  20
1492.993896
  0
VERTEX
  8
87
  10
-726.578552
  20
1492.596680
  0
VERTEX
  8
87
  10
-715.907349
  20
1491.934814
  0
VERTEX
  8
87
  10
-651.415771
  20
1361.287476
  0
VERTEX
  8
87
  10
-650.227661
  20
1359.179932
  0
VERTEX
  8
87
  10
-649.038574
  20
1357.073608
  0
VERTEX
  8
87
  10
-647.847412
  20
1354.969604
  0
VERTEX
  8
87
  10
-646.653076
  20
1352.869019
  0
VERTEX
  8
87
  10
-645.454346
  20
1350.772827
  0
VERTEX
  8
87
  10
-644.250122
  20
1348.682129
  0
VERTEX
  8
87
  10
-643.039307
  20
1346.598145
  0
VERTEX
  8
87
  10
-641.820801
  20
1344.521729
  0
VERTEX
  8
87
  10
-640.593384
  20
1342.454102
  0
VERTEX
  8
87
  10
-639.356018
  20
1340.396240
  0
VERTEX
  8
87
  10
-638.107544
  20
1338.349243
  0
VERTEX
  8
87
  10
-636.846741
  20
1336.314087
  0
VERTEX
  8
87
  10
-635.572632
  20
1334.292114
  0
VERTEX
  8
87
  10
-634.283997
  20
1332.284180
  0
VERTEX
  8
87
  10
-632.979797
  20
1330.291260
  0
VERTEX
  8
87
  10
-631.658752
  20
1328.314697
  0
VERTEX
  8
87
  10
-630.319885
  20
1326.355469
  0
VERTEX
  8
87
  10
-628.961975
  20
1324.414551
  0
VERTEX
  8
87
  10
-627.583923
  20
1322.493042
  0
VERTEX
  8
87
  10
-626.184570
  20
1320.592041
  0
VERTEX
  8
87
  10
-624.762878
  20
1318.712646
  0
VERTEX
  8
87
  10
-623.317566
  20
1316.855835
  0
VERTEX
  8
87
  10
-621.847656
  20
1315.022705
  0
VERTEX
  8
87
  10
-620.351990
  20
1313.214478
  0
VERTEX
  8
87
  10
-618.829346
  20
1311.432129
  0
VERTEX
  8
87
  10
-617.278687
  20
1309.676636
  0
VERTEX
  8
87
  10
-615.698914
  20
1307.949097
  0
VERTEX
  8
87
  10
-614.088745
  20
1306.250732
  0
VERTEX
  8
87
  10
-612.447205
  20
1304.582397
  0
VERTEX
  8
87
  10
-610.801514
  20
1302.971802
  0
VERTEX
  8
87
  10
-609.125977
  20
1301.390503
  0
VERTEX
  8
87
  10
-607.421875
  20
1299.837158
  0
VERTEX
  8
87
  10
-605.690552
  20
1298.310547
  0
VERTEX
  8
87
  10
-603.933228
  20
1296.809448
  0
VERTEX
  8
87
  10
-602.151184
  20
1295.332397
  0
VERTEX
  8
87
  10
-600.345764
  20
1293.878174
  0
VERTEX
  8
87
  10
-598.518250
  20
1292.445557
  0
VERTEX
  8
87
  10
-596.669922
  20
1291.033325
  0
VERTEX
  8
87
  10
-594.802002
  20
1289.640015
  0
VERTEX
  8
87
  10
-592.915894
  20
1288.264404
  0
VERTEX
  8
87
  10
-591.012817
  20
1286.905396
  0
VERTEX
  8
87
  10
-589.094116
  20
1285.561401
  0
VERTEX
  8
87
  10
-587.160950
  20
1284.231445
  0
VERTEX
  8
87
  10
-585.214722
  20
1282.914062
  0
VERTEX
  8
87
  10
-583.256714
  20
1281.607910
  0
VERTEX
  8
87
  10
-581.288208
  20
1280.311890
  0
VERTEX
  8
87
  10
-579.310486
  20
1279.024658
  0
VERTEX
  8
87
  10
-577.324829
  20
1277.744873
  0
VERTEX
  8
87
  10
-575.332520
  20
1276.471313
  0
VERTEX
  8
87
  10
-573.334839
  20
1275.202759
  0
VERTEX
  8
87
  10
-571.333130
  20
1273.937744
  0
VERTEX
  8
87
  10
-569.328613
  20
1272.675171
  0
VERTEX
  8
87
  10
-567.322632
  20
1271.413574
  0
VERTEX
  8
87
  10
-662.452454
  20
777.737549
  0
SEQEND
  0
POLYLINE
  8
8
  66
1
  70
0
  250
1
  0
VERTEX
  8
8
  10
-820.550598
  20
1303.944702
  0
VERTEX
  8
8
  10
-770.235291
  20
1303.434937
  0
SEQEND
  0
TEXT
  8
8
  10
-820.550598
  20
1303.944702
  40
0.250000
  50
0.000000
  1
# 269
  7
STANDARD
  0
TEXT
  8
8
  10
-770.235291
  20
1303.434937
  40
0.250000
  50
0.000000
  1
# 270
  7
STANDARD
  0
POINT
  8
2
  10
-820.550598
  20
1303.944702
  0
POINT
  8
2
  10
-770.235291
  20
1303.434937
  0
POLYLINE
  8
85
  66
1
  70
0
  250
1
  0
VERTEX
  8
85
  10
-770.235291
  20
1303.434937
  0
SEQEND
  0
POLYLINE
  8
8
  66
1
  70
0
  250
1
  0
VERTEX
  8
8
  10
-765.818848
  20
778.099548
  0
VERTEX
  8
8
  10
-770.379150
  20
1502.247925
  0
SEQEND
  0
TEXT
  8
8
  10
-765.818848
  20
778.099548
  40
0.250000
  50
0.000000
  1
# 271
  7
STANDARD
  0
TEXT
  8
8
  10
-770.379150
  20
1502.247925
  40
0.250000
  50
0.000000
  1
# 12
  7
STANDARD
  0
POINT
  8
2
  10
-765.818848
  20
778.099548
  0
POINT
  8
2
  10
-770.379150
  20
1502.247925
  0
POLYLINE
  8
85
  66
1
  70
0
  250
1
  0
VERTEX
  8
85
  10
-770.379150
  20
1502.247925
  0
SEQEND
  0
POLYLINE
  8
8
  66
1
  70
0
  250
1
  0
VERTEX
  8
8
  10
-791.235107
  20
778.009033
  0
VERTEX
  8
8
  10
-795.791809
  20
1520.430542
  0
SEQEND
  0
TEXT
  8
8
  10
-791.235107
  20
778.009033
  40
0.250000
  50
0.000000
  1
# 3
  7
STANDARD
  0
TEXT
  8
8
  10
-795.791809
  20
1520.430542
  40
0.250000
  50
0.000000
  1
# 3
  7
STANDARD
  0
POINT
  8
2
  10
-791.235107
  20
778.009033
  0
POINT
  8
2
  10
-795.791809
  20
1520.430542
  0
POLYLINE
  8
85
  66
1
  70
0
  250
1
  0
VERTEX
  8
85
  10
-795.791809
  20
1520.430542
  0
SEQEND
  0
POLYLINE
  8
8
  66
1
  70
0
  250
1
  0
VERTEX
  8
8
  10
-740.434998
  20
778.010620
  0
VERTEX
  8
8
  10
-744.975159
  20
1495.274292
  0
SEQEND
  0
TEXT
  8
8
  10
-740.434998
  20
778.010620
  40
0.250000
  50
0.000000
  1
# 2
  7
STANDARD
  0
TEXT
  8
8
  10
-744.975159
  20
1495.274292
  40
0.250000
  50
0.000000
  1
# 2
  7
STANDARD
  0
POINT
  8
2
  10
-740.434998
  20
778.010620
  0
POINT
  8
2
  10
-744.975159
  20
1495.274292
  0
POLYLINE
  8
85
  66
1
  70
0
  250
1
  0
VERTEX
  8
85
  10
-744.975159
  20
1495.274292
  0
SEQEND
  0
TEXT
  8
1
  10
-775.369995
  20
1154.290894
  50
0.000000
  1
PIECE NAME: Right Sleeve
  7
STANDARD
  0
TEXT
  8
1
  10
-775.369995
  20
1149.290894
  50
0.000000
  1
SIZE: M
  7
STANDARD
  0
TEXT
  8
1
  10
-775.369995
  20
1139.290894
  50
0.000000
  1
QUANTITY: 1
  7
STANDARD
  0
ENDBLK
  0
BLOCK
  8
1
  2
Left Sleeve_M
  70
64
  10
0
  20
0
  0
POLYLINE
  8
1
  66
1
  70
1
  250
0
  0
VERTEX
  8
1
  10
600.227051
  20
799.935242
  0
VERTEX
  8
1
  10
714.080688
  20
800.334045
  0
VERTEX
  8
1
  10
835.910706
  20
799.900330
  0
VERTEX
  8
1
  10
945.785400
  20
1310.668823
  0
VERTEX
  8
1
  10
937.649902
  20
1317.387451
  0
VERTEX
  8
1
  10
928.299316
  20
1325.168091
  0
VERTEX
  8
1
  10
919.072815
  20
1333.094727
  0
VERTEX
  8
1
  10
910.084412
  20
1341.290283
  0
VERTEX
  8
1
  10
901.465393
  20
1349.872192
  0
VERTEX
  8
1
  10
893.363281
  20
1358.942993
  0
VERTEX
  8
1
  10
885.864502
  20
1368.518433
  0
VERTEX
  8
1
  10
878.976746
  20
1378.542847
  0
VERTEX
  8
1
  10
872.704590
  20
1388.963257
  0
VERTEX
  8
1
  10
867.052734
  20
1399.733032
  0
VERTEX
  8
1
  10
862.029358
  20
1410.809937
  0
VERTEX
  8
1
  10
857.646423
  20
1422.155518
  0
VERTEX
  8
1
  10
853.909912
  20
1433.262817
  0
VERTEX
  8
1
  10
853.089294
  20
1434.557861
  0
VERTEX
  8
1
  10
848.939514
  20
1441.106934
  0
VERTEX
  8
1
  10
762.046387
  20
1578.240112
  0
VERTEX
  8
1
  10
745.210693
  20
1578.550537
  0
VERTEX
  8
1
  10
738.815430
  20
1569.392090
  0
VERTEX
  8
1
  10
734.015808
  20
1563.423584
  0
VERTEX
  8
1
  10
728.260986
  20
1558.374634
  0
VERTEX
  8
1
  10
722.342712
  20
1553.508179
  0
VERTEX
  8
1
  10
720.694458
  20
1552.079590
  0
VERTEX
  8
1
  10
719.513672
  20
1551.158691
  0
VERTEX
  8
1
  10
718.815918
  20
1550.722778
  0
VERTEX
  8
1
  10
717.336243
  20
1550.089355
  0
VERTEX
  8
1
  10
714.726501
  20
1549.267334
  0
VERTEX
  8
1
  10
710.770386
  20
1547.956421
  0
VERTEX
  8
1
  10
702.809814
  20
1545.662964
  0
VERTEX
  8
1
  10
692.884949
  20
1543.187134
  0
VERTEX
  8
1
  10
686.660522
  20
1541.719604
  0
VERTEX
  8
1
  10
680.348328
  20
1540.711548
  0
VERTEX
  8
1
  10
673.973633
  20
1540.202393
  0
VERTEX
  8
1
  10
656.030457
  20
1539.089478
  0
VERTEX
  8
1
  10
588.435730
  20
1402.155640
  0
VERTEX
  8
1
  10
587.465759
  20
1400.435059
  0
VERTEX
  8
1
  10
581.823303
  20
1390.516846
  0
VERTEX
  8
1
  10
576.009888
  20
1380.698120
  0
VERTEX
  8
1
  10
569.873291
  20
1371.078613
  0
VERTEX
  8
1
  10
563.252869
  20
1361.786621
  0
VERTEX
  8
1
  10
555.987915
  20
1352.990967
  0
VERTEX
  8
1
  10
547.944824
  20
1344.903198
  0
VERTEX
  8
1
  10
539.198853
  20
1337.578613
  0
VERTEX
  8
1
  10
529.986877
  20
1330.846313
  0
VERTEX
  8
1
  10
520.495850
  20
1324.512329
  0
VERTEX
  8
1
  10
510.867004
  20
1318.389160
  0
VERTEX
  8
1
  10
501.462524
  20
1312.474121
  0
SEQEND
  0
TEXT
  8
1
  10
600.227051
  20
799.935242
  40
0.250000
  50
0.000000
  1
# 291
  7
STANDARD
  0
TEXT
  8
1
  10
714.080688
  20
800.334045
  40
0.250000
  50
0.000000
  1
# 292
  7
STANDARD
  0
TEXT
  8
1
  10
835.910706
  20
799.900330
  40
0.250000
  50
0.000000
  1
# 293
  7
STANDARD
  0
TEXT
  8
1
  10
945.785400
  20
1310.668823
  40
0.250000
  50
0.000000
  1
# 294
  7
STANDARD
  0
TEXT
  8
1
  10
937.649902
  20
1317.387451
  40
0.250000
  50
0.000000
  1
# 295
  7
STANDARD
  0
TEXT
  8
1
  10
857.646423
  20
1422.155518
  40
0.250000
  50
0.000000
  1
# 296
  7
STANDARD
  0
TEXT
  8
1
  10
853.909912
  20
1433.262817
  40
0.250000
  50
0.000000
  1
# 297
  7
STANDARD
  0
TEXT
  8
1
  10
762.046387
  20
1578.240112
  40
0.250000
  50
0.000000
  1
# 298
  7
STANDARD
  0
TEXT
  8
1
  10
745.210693
  20
1578.550537
  40
0.250000
  50
0.000000
  1
# 299
  7
STANDARD
  0
TEXT
  8
1
  10
738.815430
  20
1569.392090
  40
0.250000
  50
0.000000
  1
# 300
  7
STANDARD
  0
TEXT
  8
1
  10
717.336243
  20
1550.089355
  40
0.250000
  50
0.000000
  1
# 301
  7
STANDARD
  0
TEXT
  8
1
  10
714.726501
  20
1549.267334
  40
0.250000
  50
0.000000
  1
# 302
  7
STANDARD
  0
TEXT
  8
1
  10
710.770386
  20
1547.956421
  40
0.250000
  50
0.000000
  1
# 303
  7
STANDARD
  0
TEXT
  8
1
  10
673.973633
  20
1540.202393
  40
0.250000
  50
0.000000
  1
# 304
  7
STANDARD
  0
TEXT
  8
1
  10
656.030457
  20
1539.089478
  40
0.250000
  50
0.000000
  1
# 305
  7
STANDARD
  0
TEXT
  8
1
  10
588.435730
  20
1402.155640
  40
0.250000
  50
0.000000
  1
# 306
  7
STANDARD
  0
TEXT
  8
1
  10
587.465759
  20
1400.435059
  40
0.250000
  50
0.000000
  1
# 307
  7
STANDARD
  0
TEXT
  8
1
  10
510.867004
  20
1318.389160
  40
0.250000
  50
0.000000
  1
# 308
  7
STANDARD
  0
TEXT
  8
1
  10
501.462524
  20
1312.474121
  40
0.250000
  50
0.000000
  1
# 309
  7
STANDARD
  0
POINT
  8
2
  10
600.227051
  20
799.935242
  0
POINT
  8
2
  10
714.080688
  20
800.334045
  0
POINT
  8
2
  10
835.910706
  20
799.900330
  0
POINT
  8
2
  10
945.785400
  20
1310.668823
  0
POINT
  8
2
  10
937.649902
  20
1317.387451
  0
POINT
  8
2
  10
857.646423
  20
1422.155518
  0
POINT
  8
2
  10
853.909912
  20
1433.262817
  0
POINT
  8
2
  10
762.046387
  20
1578.240112
  0
POINT
  8
2
  10
745.210693
  20
1578.550537
  0
POINT
  8
2
  10
738.815430
  20
1569.392090
  0
POINT
  8
2
  10
717.336243
  20
1550.089355
  0
POINT
  8
2
  10
714.726501
  20
1549.267334
  0
POINT
  8
2
  10
710.770386
  20
1547.956421
  0
POINT
  8
2
  10
673.973633
  20
1540.202393
  0
POINT
  8
2
  10
656.030457
  20
1539.089478
  0
POINT
  8
2
  10
588.435730
  20
1402.155640
  0
POINT
  8
2
  10
587.465759
  20
1400.435059
  0
POINT
  8
2
  10
510.867004
  20
1318.389160
  0
POINT
  8
2
  10
501.462524
  20
1312.474121
  0
POINT
  8
3
  10
928.299316
  20
1325.168091
  0
POINT
  8
3
  10
919.072815
  20
1333.094727
  0
POINT
  8
3
  10
910.084412
  20
1341.290283
  0
POINT
  8
3
  10
901.465393
  20
1349.872192
  0
POINT
  8
3
  10
893.363281
  20
1358.942993
  0
POINT
  8
3
  10
885.864502
  20
1368.518433
  0
POINT
  8
3
  10
878.976746
  20
1378.542847
  0
POINT
  8
3
  10
872.704590
  20
1388.963257
  0
POINT
  8
3
  10
867.052734
  20
1399.733032
  0
POINT
  8
3
  10
862.029358
  20
1410.809937
  0
POINT
  8
3
  10
853.089294
  20
1434.557861
  0
POINT
  8
3
  10
848.939514
  20
1441.106934
  0
POINT
  8
3
  10
734.015808
  20
1563.423584
  0
POINT
  8
3
  10
728.260986
  20
1558.374634
  0
POINT
  8
3
  10
722.342712
  20
1553.508179
  0
POINT
  8
3
  10
720.694458
  20
1552.079590
  0
POINT
  8
3
  10
719.513672
  20
1551.158691
  0
POINT
  8
3
  10
718.815918
  20
1550.722778
  0
POINT
  8
3
  10
702.809814
  20
1545.662964
  0
POINT
  8
3
  10
692.884949
  20
1543.187134
  0
POINT
  8
3
  10
686.660522
  20
1541.719604
  0
POINT
  8
3
  10
680.348328
  20
1540.711548
  0
POINT
  8
3
  10
581.823303
  20
1390.516846
  0
POINT
  8
3
  10
576.009888
  20
1380.698120
  0
POINT
  8
3
  10
569.873291
  20
1371.078613
  0
POINT
  8
3
  10
563.252869
  20
1361.786621
  0
POINT
  8
3
  10
555.987915
  20
1352.990967
  0
POINT
  8
3
  10
547.944824
  20
1344.903198
  0
POINT
  8
3
  10
539.198853
  20
1337.578613
  0
POINT
  8
3
  10
529.986877
  20
1330.846313
  0
POINT
  8
3
  10
520.495850
  20
1324.512329
  0
POINT
  8
4
  10
853.089294
  20
1434.557861
  30
7.000000
  39
0.000000
  50
212.357193
  0
POINT
  8
4
  10
848.939514
  20
1441.106934
  30
7.000000
  39
0.000000
  50
212.357193
  0
POINT
  8
4
  10
588.435730
  20
1402.155640
  30
7.000000
  39
0.000000
  50
332.157104
  0
POLYLINE
  8
84
  66
1
  70
1
  250
1
  0
VERTEX
  8
84
  10
714.080688
  20
800.334045
  0
VERTEX
  8
84
  10
835.910706
  20
799.900330
  0
VERTEX
  8
84
  10
945.785400
  20
1310.668823
  0
VERTEX
  8
84
  10
937.649902
  20
1317.387451
  0
VERTEX
  8
84
  10
928.299316
  20
1325.168091
  0
VERTEX
  8
84
  10
919.072815
  20
1333.094727
  0
VERTEX
  8
84
  10
914.541260
  20
1337.151489
  0
VERTEX
  8
84
  10
910.084412
  20
1341.290283
  0
VERTEX
  8
84
  10
905.719177
  20
1345.525391
  0
VERTEX
  8
84
  10
901.465393
  20
1349.872192
  0
VERTEX
  8
84
  10
897.342468
  20
1354.343384
  0
VERTEX
  8
84
  10
893.363281
  20
1358.942993
  0
VERTEX
  8
84
  10
889.537048
  20
1363.670410
  0
VERTEX
  8
84
  10
885.864502
  20
1368.518433
  0
VERTEX
  8
84
  10
882.344238
  20
1373.478149
  0
VERTEX
  8
84
  10
878.976746
  20
1378.542847
  0
VERTEX
  8
84
  10
875.762817
  20
1383.706299
  0
VERTEX
  8
84
  10
872.704590
  20
1388.963257
  0
VERTEX
  8
84
  10
869.802856
  20
1394.307983
  0
VERTEX
  8
84
  10
867.052734
  20
1399.733032
  0
VERTEX
  8
84
  10
864.453735
  20
1405.232666
  0
VERTEX
  8
84
  10
862.029358
  20
1410.809937
  0
VERTEX
  8
84
  10
859.786926
  20
1416.462036
  0
VERTEX
  8
84
  10
857.646423
  20
1422.155518
  0
VERTEX
  8
84
  10
853.909912
  20
1433.262817
  0
VERTEX
  8
84
  10
853.089294
  20
1434.557861
  0
VERTEX
  8
84
  10
848.939514
  20
1441.106934
  0
VERTEX
  8
84
  10
762.046387
  20
1578.240112
  0
VERTEX
  8
84
  10
745.210693
  20
1578.550537
  0
VERTEX
  8
84
  10
738.815430
  20
1569.392090
  0
VERTEX
  8
84
  10
736.505798
  20
1566.322876
  0
VERTEX
  8
84
  10
734.015808
  20
1563.423584
  0
VERTEX
  8
84
  10
731.227112
  20
1560.809937
  0
VERTEX
  8
84
  10
728.260986
  20
1558.374634
  0
VERTEX
  8
84
  10
722.342712
  20
1553.508179
  0
VERTEX
  8
84
  10
720.694458
  20
1552.079590
  0
VERTEX
  8
84
  10
719.513672
  20
1551.158691
  0
VERTEX
  8
84
  10
718.815918
  20
1550.722778
  0
VERTEX
  8
84
  10
717.336243
  20
1550.089355
  0
VERTEX
  8
84
  10
714.726501
  20
1549.267334
  0
VERTEX
  8
84
  10
710.770386
  20
1547.956421
  0
VERTEX
  8
84
  10
702.809814
  20
1545.662964
  0
VERTEX
  8
84
  10
692.884949
  20
1543.187134
  0
VERTEX
  8
84
  10
686.660522
  20
1541.719604
  0
VERTEX
  8
84
  10
680.348328
  20
1540.711548
  0
VERTEX
  8
84
  10
673.973633
  20
1540.202393
  0
VERTEX
  8
84
  10
656.030457
  20
1539.089478
  0
VERTEX
  8
84
  10
588.435730
  20
1402.155640
  0
VERTEX
  8
84
  10
587.465759
  20
1400.435059
  0
VERTEX
  8
84
  10
581.823303
  20
1390.516846
  0
VERTEX
  8
84
  10
576.009888
  20
1380.698120
  0
VERTEX
  8
84
  10
572.992004
  20
1375.856201
  0
VERTEX
  8
84
  10
569.873291
  20
1371.078613
  0
VERTEX
  8
84
  10
566.633545
  20
1366.382568
  0
VERTEX
  8
84
  10
563.252869
  20
1361.786621
  0
VERTEX
  8
84
  10
560.911255
  20
1358.788574
  0
VERTEX
  8
84
  10
558.492432
  20
1355.854004
  0
VERTEX
  8
84
  10
555.987915
  20
1352.990967
  0
VERTEX
  8
84
  10
553.393860
  20
1350.208984
  0
VERTEX
  8
84
  10
550.712280
  20
1347.512695
  0
VERTEX
  8
84
  10
547.944824
  20
1344.903198
  0
VERTEX
  8
84
  10
543.645630
  20
1341.153198
  0
VERTEX
  8
84
  10
539.198853
  20
1337.578613
  0
VERTEX
  8
84
  10
534.637695
  20
1334.151001
  0
VERTEX
  8
84
  10
529.986877
  20
1330.846313
  0
VERTEX
  8
84
  10
520.495850
  20
1324.512329
  0
VERTEX
  8
84
  10
510.867004
  20
1318.389160
  0
VERTEX
  8
84
  10
501.462524
  20
1312.474121
  0
VERTEX
  8
84
  10
600.227051
  20
799.935242
  0
SEQEND
  0
LINE
  8
7
  10
723.661255
  20
1099.182373
  11
723.661255
  21
1279.182373
  0
POLYLINE
  8
14
  66
1
  70
1
  250
2
  0
VERTEX
  8
14
  10
610.706360
  20
812.672119
  0
VERTEX
  8
14
  10
714.072754
  20
813.034058
  0
VERTEX
  8
14
  10
825.660034
  20
812.636841
  0
VERTEX
  8
14
  10
931.745911
  20
1305.792358
  0
VERTEX
  8
14
  10
887.526550
  20
1346.265381
  0
VERTEX
  8
14
  10
845.653259
  20
1417.975464
  0
VERTEX
  8
14
  10
842.361572
  20
1427.760376
  0
VERTEX
  8
14
  10
838.211792
  20
1434.309448
  0
VERTEX
  8
14
  10
754.977539
  20
1565.668213
  0
VERTEX
  8
14
  10
751.746582
  20
1565.727783
  0
VERTEX
  8
14
  10
746.315430
  20
1558.238403
  0
VERTEX
  8
14
  10
739.902832
  20
1551.459229
  0
VERTEX
  8
14
  10
732.562256
  20
1545.566162
  0
VERTEX
  8
14
  10
724.714172
  20
1539.432861
  0
VERTEX
  8
14
  10
718.633057
  20
1537.182617
  0
VERTEX
  8
14
  10
714.530029
  20
1535.822998
  0
VERTEX
  8
14
  10
706.103455
  20
1533.395386
  0
VERTEX
  8
14
  10
695.916809
  20
1530.854126
  0
VERTEX
  8
14
  10
685.472412
  20
1528.571899
  0
VERTEX
  8
14
  10
674.832458
  20
1527.531250
  0
VERTEX
  8
14
  10
664.161255
  20
1526.869385
  0
VERTEX
  8
14
  10
599.669678
  20
1396.222046
  0
VERTEX
  8
14
  10
560.701111
  20
1339.516968
  0
VERTEX
  8
14
  10
515.576538
  20
1306.348145
  0
SEQEND
  0
TEXT
  8
14
  10
610.706360
  20
812.672119
  40
0.250000
  50
0.000000
  1
# 119
  7
STANDARD
  0
TEXT
  8
14
  10
714.072754
  20
813.034058
  40
0.250000
  50
0.000000
  1
# 256
  7
STANDARD
  0
TEXT
  8
14
  10
825.660034
  20
812.636841
  40
0.250000
  50
0.000000
  1
# 121
  7
STANDARD
  0
TEXT
  8
14
  10
931.745911
  20
1305.792358
  40
0.250000
  50
0.000000
  1
# 123
  7
STANDARD
  0
TEXT
  8
14
  10
887.526550
  20
1346.265381
  40
0.250000
  50
0.000000
  1
# 10
  7
STANDARD
  0
TEXT
  8
14
  10
845.653259
  20
1417.975464
  40
0.250000
  50
0.000000
  1
# 10
  7
STANDARD
  0
TEXT
  8
14
  10
842.361572
  20
1427.760376
  40
0.250000
  50
0.000000
  1
# 125
  7
STANDARD
  0
TEXT
  8
14
  10
754.977539
  20
1565.668213
  40
0.250000
  50
0.000000
  1
# 127
  7
STANDARD
  0
TEXT
  8
14
  10
751.746582
  20
1565.727783
  40
0.250000
  50
0.000000
  1
# 262
  7
STANDARD
  0
TEXT
  8
14
  10
746.315430
  20
1558.238403
  40
0.250000
  50
0.000000
  1
# 1
  7
STANDARD
  0
TEXT
  8
14
  10
739.902832
  20
1551.459229
  40
0.250000
  50
0.000000
  1
# 1
  7
STANDARD
  0
TEXT
  8
14
  10
732.562256
  20
1545.566162
  40
0.250000
  50
0.000000
  1
# 1
  7
STANDARD
  0
TEXT
  8
14
  10
724.714172
  20
1539.432861
  40
0.250000
  50
0.000000
  1
# 1
  7
STANDARD
  0
TEXT
  8
14
  10
718.633057
  20
1537.182617
  40
0.250000
  50
0.000000
  1
# 11
  7
STANDARD
  0
TEXT
  8
14
  10
714.530029
  20
1535.822998
  40
0.250000
  50
0.000000
  1
# 5
  7
STANDARD
  0
TEXT
  8
14
  10
706.103455
  20
1533.395386
  40
0.250000
  50
0.000000
  1
# 6
  7
STANDARD
  0
TEXT
  8
14
  10
695.916809
  20
1530.854126
  40
0.250000
  50
0.000000
  1
# 7
  7
STANDARD
  0
TEXT
  8
14
  10
685.472412
  20
1528.571899
  40
0.250000
  50
0.000000
  1
# 8
  7
STANDARD
  0
TEXT
  8
14
  10
674.832458
  20
1527.531250
  40
0.250000
  50
0.000000
  1
# 9
  7
STANDARD
  0
TEXT
  8
14
  10
664.161255
  20
1526.869385
  40
0.250000
  50
0.000000
  1
# 129
  7
STANDARD
  0
TEXT
  8
14
  10
599.669678
  20
1396.222046
  40
0.250000
  50
0.000000
  1
# 131
  7
STANDARD
  0
TEXT
  8
14
  10
560.701111
  20
1339.516968
  40
0.250000
  50
0.000000
  1
# 4
  7
STANDARD
  0
TEXT
  8
14
  10
515.576538
  20
1306.348145
  40
0.250000
  50
0.000000
  1
# 133
  7
STANDARD
  0
POINT
  8
2
  10
610.706360
  20
812.672119
  0
POINT
  8
2
  10
714.072754
  20
813.034058
  0
POINT
  8
2
  10
825.660034
  20
812.636841
  0
POINT
  8
2
  10
931.745911
  20
1305.792358
  0
POINT
  8
2
  10
842.361572
  20
1427.760376
  0
POINT
  8
2
  10
754.977539
  20
1565.668213
  0
POINT
  8
2
  10
751.746582
  20
1565.727783
  0
POINT
  8
2
  10
718.633057
  20
1537.182617
  0
POINT
  8
2
  10
664.161255
  20
1526.869385
  0
POINT
  8
2
  10
599.669678
  20
1396.222046
  0
POINT
  8
2
  10
515.576538
  20
1306.348145
  0
POINT
  8
3
  10
887.526550
  20
1346.265381
  0
POINT
  8
3
  10
845.653259
  20
1417.975464
  0
POINT
  8
3
  10
838.211792
  20
1434.309448
  0
POINT
  8
3
  10
746.315430
  20
1558.238403
  0
POINT
  8
3
  10
739.902832
  20
1551.459229
  0
POINT
  8
3
  10
732.562256
  20
1545.566162
  0
POINT
  8
3
  10
724.714172
  20
1539.432861
  0
POINT
  8
3
  10
714.530029
  20
1535.822998
  0
POINT
  8
3
  10
706.103455
  20
1533.395386
  0
POINT
  8
3
  10
695.916809
  20
1530.854126
  0
POINT
  8
3
  10
685.472412
  20
1528.571899
  0
POINT
  8
3
  10
674.832458
  20
1527.531250
  0
POINT
  8
3
  10
560.701111
  20
1339.516968
  0
POINT
  8
4
  10
842.361572
  20
1427.760376
  30
7.000000
  39
0.000000
  50
205.478073
  0
POINT
  8
4
  10
838.211792
  20
1434.309448
  30
7.000000
  39
0.000000
  50
212.355316
  0
POINT
  8
4
  10
599.669678
  20
1396.222046
  30
7.000000
  39
0.000000
  50
332.157104
  0
TEXT
  8
15
  10
720.361084
  20
1175.083130
  40
9.046875
  50
180.000000
  999
11.000000
  1000
3
  1
Left Sleeve
  7
STANDARD
  0
POLYLINE
  8
87
  66
1
  70
1
  250
2
  0
VERTEX
  8
87
  10
714.072754
  20
813.034058
  0
VERTEX
  8
87
  10
825.660034
  20
812.636841
  0
VERTEX
  8
87
  10
931.745911
  20
1305.792358
  0
VERTEX
  8
87
  10
929.536255
  20
1307.617188
  0
VERTEX
  8
87
  10
927.328125
  20
1309.443237
  0
VERTEX
  8
87
  10
925.122986
  20
1311.271729
  0
VERTEX
  8
87
  10
922.922241
  20
1313.104248
  0
VERTEX
  8
87
  10
920.727173
  20
1314.942139
  0
VERTEX
  8
87
  10
918.539246
  20
1316.786987
  0
VERTEX
  8
87
  10
916.359863
  20
1318.640137
  0
VERTEX
  8
87
  10
914.190430
  20
1320.502930
  0
VERTEX
  8
87
  10
912.032288
  20
1322.376953
  0
VERTEX
  8
87
  10
909.886902
  20
1324.263672
  0
VERTEX
  8
87
  10
907.755615
  20
1326.164551
  0
VERTEX
  8
87
  10
905.639832
  20
1328.080811
  0
VERTEX
  8
87
  10
903.541016
  20
1330.014160
  0
VERTEX
  8
87
  10
901.460449
  20
1331.965820
  0
VERTEX
  8
87
  10
899.399658
  20
1333.937500
  0
VERTEX
  8
87
  10
897.359863
  20
1335.930420
  0
VERTEX
  8
87
  10
895.342651
  20
1337.946167
  0
VERTEX
  8
87
  10
893.349243
  20
1339.985962
  0
VERTEX
  8
87
  10
891.381226
  20
1342.051514
  0
VERTEX
  8
87
  10
889.439819
  20
1344.144165
  0
VERTEX
  8
87
  10
887.526550
  20
1346.265381
  0
VERTEX
  8
87
  10
885.636841
  20
1348.422607
  0
VERTEX
  8
87
  10
883.777222
  20
1350.608765
  0
VERTEX
  8
87
  10
881.947876
  20
1352.822998
  0
VERTEX
  8
87
  10
880.149170
  20
1355.064819
  0
VERTEX
  8
87
  10
878.381042
  20
1357.333252
  0
VERTEX
  8
87
  10
876.643860
  20
1359.627808
  0
VERTEX
  8
87
  10
874.937744
  20
1361.947632
  0
VERTEX
  8
87
  10
873.262939
  20
1364.292114
  0
VERTEX
  8
87
  10
871.619507
  20
1366.660522
  0
VERTEX
  8
87
  10
870.007812
  20
1369.052246
  0
VERTEX
  8
87
  10
868.427917
  20
1371.466431
  0
VERTEX
  8
87
  10
866.880066
  20
1373.902466
  0
VERTEX
  8
87
  10
865.364502
  20
1376.359619
  0
VERTEX
  8
87
  10
863.881287
  20
1378.837280
  0
VERTEX
  8
87
  10
862.430664
  20
1381.334595
  0
VERTEX
  8
87
  10
861.012878
  20
1383.850952
  0
VERTEX
  8
87
  10
859.628113
  20
1386.385620
  0
VERTEX
  8
87
  10
858.276489
  20
1388.937866
  0
VERTEX
  8
87
  10
856.958252
  20
1391.507080
  0
VERTEX
  8
87
  10
855.673584
  20
1394.092529
  0
VERTEX
  8
87
  10
854.422607
  20
1396.693481
  0
VERTEX
  8
87
  10
853.205627
  20
1399.309326
  0
VERTEX
  8
87
  10
852.022827
  20
1401.939209
  0
VERTEX
  8
87
  10
850.874268
  20
1404.582397
  0
VERTEX
  8
87
  10
849.760254
  20
1407.238403
  0
VERTEX
  8
87
  10
848.680969
  20
1409.906372
  0
VERTEX
  8
87
  10
847.636597
  20
1412.585693
  0
VERTEX
  8
87
  10
846.627319
  20
1415.275635
  0
VERTEX
  8
87
  10
845.653259
  20
1417.975464
  0
VERTEX
  8
87
  10
842.361572
  20
1427.760376
  0
VERTEX
  8
87
  10
838.211792
  20
1434.309448
  0
VERTEX
  8
87
  10
796.594666
  20
1499.988770
  0
VERTEX
  8
87
  10
754.977539
  20
1565.668213
  0
VERTEX
  8
87
  10
751.746582
  20
1565.727783
  0
VERTEX
  8
87
  10
749.098450
  20
1561.935547
  0
VERTEX
  8
87
  10
746.315430
  20
1558.238403
  0
VERTEX
  8
87
  10
744.306458
  20
1555.853027
  0
VERTEX
  8
87
  10
742.171143
  20
1553.583984
  0
VERTEX
  8
87
  10
739.902832
  20
1551.459229
  0
VERTEX
  8
87
  10
736.255798
  20
1548.505127
  0
VERTEX
  8
87
  10
732.562256
  20
1545.566162
  0
VERTEX
  8
87
  10
730.663391
  20
1543.913574
  0
VERTEX
  8
87
  10
728.764587
  20
1542.267700
  0
VERTEX
  8
87
  10
726.802612
  20
1540.737793
  0
VERTEX
  8
87
  10
724.714172
  20
1539.432861
  0
VERTEX
  8
87
  10
721.753418
  20
1538.165649
  0
VERTEX
  8
87
  10
718.633057
  20
1537.182617
  0
VERTEX
  8
87
  10
714.530029
  20
1535.822998
  0
VERTEX
  8
87
  10
706.103455
  20
1533.395386
  0
VERTEX
  8
87
  10
695.916809
  20
1530.854126
  0
VERTEX
  8
87
  10
690.713745
  20
1529.604004
  0
VERTEX
  8
87
  10
685.472412
  20
1528.571899
  0
VERTEX
  8
87
  10
680.169312
  20
1527.928467
  0
VERTEX
  8
87
  10
674.832458
  20
1527.531250
  0
VERTEX
  8
87
  10
664.161255
  20
1526.869385
  0
VERTEX
  8
87
  10
599.669678
  20
1396.222046
  0
VERTEX
  8
87
  10
598.481567
  20
1394.114502
  0
VERTEX
  8
87
  10
597.292480
  20
1392.008179
  0
VERTEX
  8
87
  10
596.101318
  20
1389.904175
  0
VERTEX
  8
87
  10
594.906982
  20
1387.803589
  0
VERTEX
  8
87
  10
593.708252
  20
1385.707397
  0
VERTEX
  8
87
  10
592.504028
  20
1383.616699
  0
VERTEX
  8
87
  10
591.293213
  20
1381.532715
  0
VERTEX
  8
87
  10
590.074707
  20
1379.456299
  0
VERTEX
  8
87
  10
588.847290
  20
1377.388672
  0
VERTEX
  8
87
  10
587.609924
  20
1375.330811
  0
VERTEX
  8
87
  10
586.361450
  20
1373.283813
  0
VERTEX
  8
87
  10
585.100647
  20
1371.248657
  0
VERTEX
  8
87
  10
583.826538
  20
1369.226685
  0
VERTEX
  8
87
  10
582.537903
  20
1367.218750
  0
VERTEX
  8
87
  10
581.233704
  20
1365.225830
  0
VERTEX
  8
87
  10
579.912659
  20
1363.249268
  0
VERTEX
  8
87
  10
578.573792
  20
1361.290039
  0
VERTEX
  8
87
  10
577.215881
  20
1359.349121
  0
VERTEX
  8
87
  10
575.837830
  20
1357.427612
  0
VERTEX
  8
87
  10
574.438477
  20
1355.526611
  0
VERTEX
  8
87
  10
573.016785
  20
1353.647217
  0
VERTEX
  8
87
  10
571.571472
  20
1351.790405
  0
VERTEX
  8
87
  10
570.101562
  20
1349.957275
  0
VERTEX
  8
87
  10
568.605896
  20
1348.149048
  0
VERTEX
  8
87
  10
567.083252
  20
1346.366699
  0
VERTEX
  8
87
  10
565.532593
  20
1344.611206
  0
VERTEX
  8
87
  10
563.952820
  20
1342.883667
  0
VERTEX
  8
87
  10
562.342651
  20
1341.185303
  0
VERTEX
  8
87
  10
560.701111
  20
1339.516968
  0
VERTEX
  8
87
  10
559.055420
  20
1337.906372
  0
VERTEX
  8
87
  10
557.379883
  20
1336.325073
  0
VERTEX
  8
87
  10
555.675781
  20
1334.771729
  0
VERTEX
  8
87
  10
553.944458
  20
1333.245117
  0
VERTEX
  8
87
  10
552.187134
  20
1331.744019
  0
VERTEX
  8
87
  10
550.405090
  20
1330.266968
  0
VERTEX
  8
87
  10
548.599670
  20
1328.812744
  0
VERTEX
  8
87
  10
546.772156
  20
1327.380127
  0
VERTEX
  8
87
  10
544.923828
  20
1325.967896
  0
VERTEX
  8
87
  10
543.055908
  20
1324.574585
  0
VERTEX
  8
87
  10
541.169800
  20
1323.198975
  0
VERTEX
  8
87
  10
539.266724
  20
1321.839966
  0
VERTEX
  8
87
  10
537.348022
  20
1320.495972
  0
VERTEX
  8
87
  10
535.414856
  20
1319.166016
  0
VERTEX
  8
87
  10
533.468628
  20
1317.848633
  0
VERTEX
  8
87
  10
531.510620
  20
1316.542480
  0
VERTEX
  8
87
  10
529.542114
  20
1315.246460
  0
VERTEX
  8
87
  10
527.564392
  20
1313.959229
  0
VERTEX
  8
87
  10
525.578735
  20
1312.679443
  0
VERTEX
  8
87
  10
523.586426
  20
1311.405884
  0
VERTEX
  8
87
  10
521.588745
  20
1310.137329
  0
VERTEX
  8
87
  10
519.587036
  20
1308.872314
  0
VERTEX
  8
87
  10
517.582520
  20
1307.609741
  0
VERTEX
  8
87
  10
515.576538
  20
1306.348145
  0
VERTEX
  8
87
  10
610.706360
  20
812.672119
  0
SEQEND
  0
POLYLINE
  8
8
  66
1
  70
0
  250
1
  0
VERTEX
  8
8
  10
768.804504
  20
1338.879272
  0
VERTEX
  8
8
  10
718.489197
  20
1338.369507
  0
SEQEND
  0
TEXT
  8
8
  10
768.804504
  20
1338.879272
  40
0.250000
  50
0.000000
  1
# 269
  7
STANDARD
  0
TEXT
  8
8
  10
718.489197
  20
1338.369507
  40
0.250000
  50
0.000000
  1
# 270
  7
STANDARD
  0
POINT
  8
2
  10
768.804504
  20
1338.879272
  0
POINT
  8
2
  10
718.489197
  20
1338.369507
  0
POLYLINE
  8
85
  66
1
  70
0
  250
1
  0
VERTEX
  8
85
  10
718.489197
  20
1338.369507
  0
SEQEND
  0
POLYLINE
  8
8
  66
1
  70
0
  250
1
  0
VERTEX
  8
8
  10
714.072754
  20
813.034119
  0
VERTEX
  8
8
  10
718.633057
  20
1537.182495
  0
SEQEND
  0
TEXT
  8
8
  10
714.072754
  20
813.034119
  40
0.250000
  50
0.000000
  1
# 271
  7
STANDARD
  0
TEXT
  8
8
  10
718.633057
  20
1537.182495
  40
0.250000
  50
0.000000
  1
# 12
  7
STANDARD
  0
POINT
  8
2
  10
714.072754
  20
813.034119
  0
POINT
  8
2
  10
718.633057
  20
1537.182495
  0
POLYLINE
  8
85
  66
1
  70
0
  250
1
  0
VERTEX
  8
85
  10
718.633057
  20
1537.182495
  0
SEQEND
  0
POLYLINE
  8
8
  66
1
  70
0
  250
1
  0
VERTEX
  8
8
  10
739.489014
  20
812.943604
  0
VERTEX
  8
8
  10
744.045715
  20
1555.365112
  0
SEQEND
  0
TEXT
  8
8
  10
739.489014
  20
812.943604
  40
0.250000
  50
0.000000
  1
# 3
  7
STANDARD
  0
TEXT
  8
8
  10
744.045715
  20
1555.365112
  40
0.250000
  50
0.000000
  1
# 3
  7
STANDARD
  0
POINT
  8
2
  10
739.489014
  20
812.943604
  0
POINT
  8
2
  10
744.045715
  20
1555.365112
  0
POLYLINE
  8
85
  66
1
  70
0
  250
1
  0
VERTEX
  8
85
  10
744.045715
  20
1555.365112
  0
SEQEND
  0
POLYLINE
  8
8
  66
1
  70
0
  250
1
  0
VERTEX
  8
8
  10
688.688904
  20
812.945190
  0
VERTEX
  8
8
  10
693.229065
  20
1530.208862
  0
SEQEND
  0
TEXT
  8
8
  10
688.688904
  20
812.945190
  40
0.250000
  50
0.000000
  1
# 2
  7
STANDARD
  0
TEXT
  8
8
  10
693.229065
  20
1530.208862
  40
0.250000
  50
0.000000
  1
# 2
  7
STANDARD
  0
POINT
  8
2
  10
688.688904
  20
812.945190
  0
POINT
  8
2
  10
693.229065
  20
1530.208862
  0
POLYLINE
  8
85
  66
1
  70
0
  250
1
  0
VERTEX
  8
85
  10
693.229065
  20
1530.208862
  0
SEQEND
  0
TEXT
  8
1
  10
723.623962
  20
1189.225464
  50
0.000000
  1
PIECE NAME: Left Sleeve
  7
STANDARD
  0
TEXT
  8
1
  10
723.623962
  20
1184.225464
  50
0.000000
  1
SIZE: M
  7
STANDARD
  0
TEXT
  8
1
  10
723.623962
  20
1174.225464
  50
0.000000
  1
QUANTITY: 1
  7
STANDARD
  0
ENDBLK
  0
BLOCK
  8
1
  2
Body_Back_2_M
  70
64
  10
0
  20
0
  0
POLYLINE
  8
1
  66
1
  70
1
  250
0
  0
VERTEX
  8
1
  10
-90.967972
  20
2443.901123
  0
VERTEX
  8
1
  10
-90.967453
  20
2456.634277
  0
VERTEX
  8
1
  10
-114.486877
  20
2458.333496
  0
VERTEX
  8
1
  10
-130.018585
  20
2448.412109
  0
VERTEX
  8
1
  10
-145.719238
  20
2437.502686
  0
VERTEX
  8
1
  10
-160.791107
  20
2425.738037
  0
VERTEX
  8
1
  10
-175.019135
  20
2412.972656
  0
VERTEX
  8
1
  10
-188.383148
  20
2399.297852
  0
VERTEX
  8
1
  10
-201.445526
  20
2385.333740
  0
VERTEX
  8
1
  10
-214.181992
  20
2371.074219
  0
VERTEX
  8
1
  10
-225.890610
  20
2355.959961
  0
VERTEX
  8
1
  10
-232.322037
  20
2347.030273
  0
VERTEX
  8
1
  10
-235.432480
  20
2342.711426
  0
VERTEX
  8
1
  10
-238.192505
  20
2338.812500
  0
VERTEX
  8
1
  10
-244.782120
  20
2329.503906
  0
VERTEX
  8
1
  10
-254.152634
  20
2316.358643
  0
VERTEX
  8
1
  10
-260.164673
  20
2308.099365
  0
VERTEX
  8
1
  10
-266.319763
  20
2299.947510
  0
VERTEX
  8
1
  10
-272.692841
  20
2291.964355
  0
VERTEX
  8
1
  10
-279.343323
  20
2284.210938
  0
VERTEX
  8
1
  10
-286.301392
  20
2276.732422
  0
VERTEX
  8
1
  10
-293.601562
  20
2269.587891
  0
VERTEX
  8
1
  10
-301.288849
  20
2262.862305
  0
VERTEX
  8
1
  10
-309.353119
  20
2256.593750
  0
VERTEX
  8
1
  10
-317.772034
  20
2250.809814
  0
VERTEX
  8
1
  10
-326.541931
  20
2245.574707
  0
VERTEX
  8
1
  10
-335.659058
  20
2240.971436
  0
VERTEX
  8
1
  10
-345.059937
  20
2236.976562
  0
VERTEX
  8
1
  10
-357.202209
  20
2232.166748
  0
VERTEX
  8
1
  10
-355.916687
  20
2212.633301
  0
VERTEX
  8
1
  10
-355.129028
  20
2200.416748
  0
VERTEX
  8
1
  10
-354.374237
  20
2188.202148
  0
VERTEX
  8
1
  10
-353.668091
  20
2175.978271
  0
VERTEX
  8
1
  10
-352.425934
  20
2151.427002
  0
VERTEX
  8
1
  10
-351.349762
  20
2126.867920
  0
VERTEX
  8
1
  10
-350.674896
  20
2110.330322
  0
VERTEX
  8
1
  10
-350.034515
  20
2093.842285
  0
VERTEX
  8
1
  10
-349.427094
  20
2077.327637
  0
VERTEX
  8
1
  10
-347.771118
  20
2027.990967
  0
VERTEX
  8
1
  10
-352.227295
  20
1855.484497
  0
VERTEX
  8
1
  10
-90.991882
  20
1855.476807
  0
VERTEX
  8
1
  10
-90.991364
  20
1868.176880
  0
SEQEND
  0
POINT
  8
2
  10
-90.967972
  20
2443.901123
  0
POINT
  8
2
  10
-90.967453
  20
2456.634277
  0
POINT
  8
2
  10
-114.486877
  20
2458.333496
  0
POINT
  8
2
  10
-130.018585
  20
2448.412109
  0
POINT
  8
2
  10
-345.059937
  20
2236.976562
  0
POINT
  8
2
  10
-357.202209
  20
2232.166748
  0
POINT
  8
2
  10
-355.916687
  20
2212.633301
  0
POINT
  8
2
  10
-349.427094
  20
2077.327637
  0
POINT
  8
2
  10
-347.771118
  20
2027.990967
  0
POINT
  8
2
  10
-352.227295
  20
1855.484497
  0
POINT
  8
2
  10
-90.991882
  20
1855.476807
  0
POINT
  8
2
  10
-90.991364
  20
1868.176880
  0
POINT
  8
3
  10
-145.719238
  20
2437.502686
  0
POINT
  8
3
  10
-160.791107
  20
2425.738037
  0
POINT
  8
3
  10
-175.019135
  20
2412.972656
  0
POINT
  8
3
  10
-188.383148
  20
2399.297852
  0
POINT
  8
3
  10
-201.445526
  20
2385.333740
  0
POINT
  8
3
  10
-214.181992
  20
2371.074219
  0
POINT
  8
3
  10
-225.890610
  20
2355.959961
  0
POINT
  8
3
  10
-232.322037
  20
2347.030273
  0
POINT
  8
3
  10
-235.432480
  20
2342.711426
  0
POINT
  8
3
  10
-238.192505
  20
2338.812500
  0
POINT
  8
3
  10
-244.782120
  20
2329.503906
  0
POINT
  8
3
  10
-254.152634
  20
2316.358643
  0
POINT
  8
3
  10
-260.164673
  20
2308.099365
  0
POINT
  8
3
  10
-266.319763
  20
2299.947510
  0
POINT
  8
3
  10
-272.692841
  20
2291.964355
  0
POINT
  8
3
  10
-279.343323
  20
2284.210938
  0
POINT
  8
3
  10
-286.301392
  20
2276.732422
  0
POINT
  8
3
  10
-293.601562
  20
2269.587891
  0
POINT
  8
3
  10
-301.288849
  20
2262.862305
  0
POINT
  8
3
  10
-309.353119
  20
2256.593750
  0
POINT
  8
3
  10
-317.772034
  20
2250.809814
  0
POINT
  8
3
  10
-326.541931
  20
2245.574707
  0
POINT
  8
3
  10
-335.659058
  20
2240.971436
  0
POINT
  8
3
  10
-355.129028
  20
2200.416748
  0
POINT
  8
3
  10
-354.374237
  20
2188.202148
  0
POINT
  8
3
  10
-353.668091
  20
2175.978271
  0
POINT
  8
3
  10
-352.425934
  20
2151.427002
  0
POINT
  8
3
  10
-351.349762
  20
2126.867920
  0
POINT
  8
3
  10
-350.674896
  20
2110.330322
  0
POINT
  8
3
  10
-350.034515
  20
2093.842285
  0
POINT
  8
4
  10
-232.322037
  20
2347.030273
  30
7.000000
  39
0.000000
  50
323.995239
  0
POINT
  8
4
  10
-238.192505
  20
2338.812500
  30
7.000000
  39
0.000000
  50
324.350616
  0
POLYLINE
  8
84
  66
1
  70
1
  250
1
  0
VERTEX
  8
84
  10
-90.967453
  20
2456.634277
  0
VERTEX
  8
84
  10
-114.486877
  20
2458.333496
  0
VERTEX
  8
84
  10
-130.018585
  20
2448.412109
  0
VERTEX
  8
84
  10
-135.289276
  20
2444.826416
  0
VERTEX
  8
84
  10
-140.530960
  20
2441.203613
  0
VERTEX
  8
84
  10
-145.719238
  20
2437.502686
  0
VERTEX
  8
84
  10
-149.560089
  20
2434.655762
  0
VERTEX
  8
84
  10
-153.352219
  20
2431.746094
  0
VERTEX
  8
84
  10
-157.095825
  20
2428.773682
  0
VERTEX
  8
84
  10
-160.791107
  20
2425.738037
  0
VERTEX
  8
84
  10
-164.434387
  20
2422.641602
  0
VERTEX
  8
84
  10
-168.021912
  20
2419.483887
  0
VERTEX
  8
84
  10
-171.551010
  20
2416.261719
  0
VERTEX
  8
84
  10
-175.019135
  20
2412.972656
  0
VERTEX
  8
84
  10
-179.547791
  20
2408.487305
  0
VERTEX
  8
84
  10
-183.990448
  20
2403.918213
  0
VERTEX
  8
84
  10
-188.383148
  20
2399.297852
  0
VERTEX
  8
84
  10
-201.445526
  20
2385.333740
  0
VERTEX
  8
84
  10
-205.766632
  20
2380.645264
  0
VERTEX
  8
84
  10
-210.027344
  20
2375.906250
  0
VERTEX
  8
84
  10
-214.181992
  20
2371.074219
  0
VERTEX
  8
84
  10
-217.204346
  20
2367.371338
  0
VERTEX
  8
84
  10
-220.152649
  20
2363.609863
  0
VERTEX
  8
84
  10
-223.042786
  20
2359.802002
  0
VERTEX
  8
84
  10
-225.890610
  20
2355.959961
  0
VERTEX
  8
84
  10
-235.432480
  20
2342.711426
  0
VERTEX
  8
84
  10
-244.782120
  20
2329.503906
  0
VERTEX
  8
84
  10
-254.152634
  20
2316.358643
  0
VERTEX
  8
84
  10
-260.164673
  20
2308.099365
  0
VERTEX
  8
84
  10
-266.319763
  20
2299.947510
  0
VERTEX
  8
84
  10
-272.692841
  20
2291.964355
  0
VERTEX
  8
84
  10
-279.343323
  20
2284.210938
  0
VERTEX
  8
84
  10
-286.301392
  20
2276.732422
  0
VERTEX
  8
84
  10
-289.905273
  20
2273.112793
  0
VERTEX
  8
84
  10
-293.601562
  20
2269.587891
  0
VERTEX
  8
84
  10
-297.396423
  20
2266.169434
  0
VERTEX
  8
84
  10
-301.288849
  20
2262.862305
  0
VERTEX
  8
84
  10
-305.275543
  20
2259.669678
  0
VERTEX
  8
84
  10
-309.353119
  20
2256.593750
  0
VERTEX
  8
84
  10
-313.518677
  20
2253.637695
  0
VERTEX
  8
84
  10
-317.772034
  20
2250.809814
  0
VERTEX
  8
84
  10
-322.113098
  20
2248.119141
  0
VERTEX
  8
84
  10
-326.541931
  20
2245.574707
  0
VERTEX
  8
84
  10
-331.057648
  20
2243.187012
  0
VERTEX
  8
84
  10
-335.659058
  20
2240.971436
  0
VERTEX
  8
84
  10
-345.059937
  20
2236.976562
  0
VERTEX
  8
84
  10
-357.202209
  20
2232.166748
  0
VERTEX
  8
84
  10
-355.916687
  20
2212.633301
  0
VERTEX
  8
84
  10
-355.129028
  20
2200.416748
  0
VERTEX
  8
84
  10
-354.374237
  20
2188.202148
  0
VERTEX
  8
84
  10
-353.668091
  20
2175.978271
  0
VERTEX
  8
84
  10
-353.020142
  20
2163.704102
  0
VERTEX
  8
84
  10
-352.425934
  20
2151.427002
  0
VERTEX
  8
84
  10
-351.349762
  20
2126.867920
  0
VERTEX
  8
84
  10
-350.674896
  20
2110.330322
  0
VERTEX
  8
84
  10
-350.034515
  20
2093.842285
  0
VERTEX
  8
84
  10
-349.427094
  20
2077.327637
  0
VERTEX
  8
84
  10
-347.771118
  20
2027.990967
  0
VERTEX
  8
84
  10
-352.227295
  20
1855.484497
  0
VERTEX
  8
84
  10
-90.991882
  20
1855.476807
  0
VERTEX
  8
84
  10
-90.991364
  20
1868.176880
  0
VERTEX
  8
84
  10
-90.967972
  20
2443.901123
  0
SEQEND
  0
LINE
  8
7
  10
-218.859695
  20
2066.932617
  11
-218.853561
  21
2246.932617
  0
POLYLINE
  8
14
  66
1
  70
1
  250
2
  0
VERTEX
  8
14
  10
-90.967972
  20
2443.901123
  0
VERTEX
  8
14
  10
-115.706116
  20
2445.688477
  0
VERTEX
  8
14
  10
-124.556305
  20
2440.035156
  0
VERTEX
  8
14
  10
-136.253204
  20
2432.030029
  0
VERTEX
  8
14
  10
-149.733047
  20
2421.812256
  0
VERTEX
  8
14
  10
-162.568604
  20
2411.000488
  0
VERTEX
  8
14
  10
-174.422638
  20
2399.377930
  0
VERTEX
  8
14
  10
-197.084351
  20
2375.293945
  0
VERTEX
  8
14
  10
-207.927063
  20
2362.951904
  0
VERTEX
  8
14
  10
-216.972321
  20
2351.200439
  0
VERTEX
  8
14
  10
-224.192169
  20
2341.235596
  0
VERTEX
  8
14
  10
-227.294952
  20
2336.899170
  0
VERTEX
  8
14
  10
-230.032394
  20
2333.034912
  0
VERTEX
  8
14
  10
-246.035416
  20
2310.518066
  0
VERTEX
  8
14
  10
-255.647385
  20
2297.439209
  0
VERTEX
  8
14
  10
-265.759399
  20
2284.658691
  0
VERTEX
  8
14
  10
-276.674774
  20
2272.326904
  0
VERTEX
  8
14
  10
-288.505310
  20
2260.693359
  0
VERTEX
  8
14
  10
-301.477905
  20
2249.985107
  0
VERTEX
  8
14
  10
-315.519165
  20
2240.419189
  0
VERTEX
  8
14
  10
-330.584900
  20
2232.299561
  0
VERTEX
  8
14
  10
-346.745300
  20
2225.552979
  0
VERTEX
  8
14
  10
-343.683533
  20
2176.534424
  0
VERTEX
  8
14
  10
-341.357605
  20
2127.264404
  0
VERTEX
  8
14
  10
-339.433289
  20
2077.680664
  0
VERTEX
  8
14
  10
-337.766785
  20
2028.029785
  0
VERTEX
  8
14
  10
-341.895905
  20
1868.184204
  0
VERTEX
  8
14
  10
-90.991364
  20
1868.176880
  0
SEQEND
  0
TEXT
  8
14
  10
-90.967972
  20
2443.901123
  40
0.250000
  50
0.000000
  1
# -1
  7
STANDARD
  0
TEXT
  8
14
  10
-115.706116
  20
2445.688477
  40
0.250000
  50
0.000000
  1
# -1
  7
STANDARD
  0
TEXT
  8
14
  10
-346.745300
  20
2225.552979
  40
0.250000
  50
0.000000
  1
# -1
  7
STANDARD
  0
TEXT
  8
14
  10
-343.683533
  20
2176.534424
  40
0.250000
  50
0.000000
  1
# -1
  7
STANDARD
  0
TEXT
  8
14
  10
-341.357605
  20
2127.264404
  40
0.250000
  50
0.000000
  1
# -1
  7
STANDARD
  0
TEXT
  8
14
  10
-339.433289
  20
2077.680664
  40
0.250000
  50
0.000000
  1
# -1
  7
STANDARD
  0
TEXT
  8
14
  10
-337.766785
  20
2028.029785
  40
0.250000
  50
0.000000
  1
# -1
  7
STANDARD
  0
TEXT
  8
14
  10
-341.895905
  20
1868.184204
  40
0.250000
  50
0.000000
  1
# -1
  7
STANDARD
  0
TEXT
  8
14
  10
-90.991364
  20
1868.176880
  40
0.250000
  50
0.000000
  1
# -1
  7
STANDARD
  0
POINT
  8
2
  10
-90.967972
  20
2443.901123
  0
POINT
  8
2
  10
-115.706116
  20
2445.688477
  0
POINT
  8
2
  10
-346.745300
  20
2225.552979
  0
POINT
  8
2
  10
-337.766785
  20
2028.029785
  0
POINT
  8
2
  10
-341.895905
  20
1868.184204
  0
POINT
  8
2
  10
-90.991364
  20
1868.176880
  0
POINT
  8
3
  10
-124.556305
  20
2440.035156
  0
POINT
  8
3
  10
-136.253204
  20
2432.030029
  0
POINT
  8
3
  10
-149.733047
  20
2421.812256
  0
POINT
  8
3
  10
-162.568604
  20
2411.000488
  0
POINT
  8
3
  10
-174.422638
  20
2399.377930
  0
POINT
  8
3
  10
-197.084351
  20
2375.293945
  0
POINT
  8
3
  10
-207.927063
  20
2362.951904
  0
POINT
  8
3
  10
-216.972321
  20
2351.200439
  0
POINT
  8
3
  10
-224.192169
  20
2341.235596
  0
POINT
  8
3
  10
-227.294952
  20
2336.899170
  0
POINT
  8
3
  10
-230.032394
  20
2333.034912
  0
POINT
  8
3
  10
-246.035416
  20
2310.518066
  0
POINT
  8
3
  10
-255.647385
  20
2297.439209
  0
POINT
  8
3
  10
-265.759399
  20
2284.658691
  0
POINT
  8
3
  10
-276.674774
  20
2272.326904
  0
POINT
  8
3
  10
-288.505310
  20
2260.693359
  0
POINT
  8
3
  10
-301.477905
  20
2249.985107
  0
POINT
  8
3
  10
-315.519165
  20
2240.419189
  0
POINT
  8
3
  10
-330.584900
  20
2232.299561
  0
POINT
  8
3
  10
-343.683533
  20
2176.534424
  0
POINT
  8
3
  10
-341.357605
  20
2127.264404
  0
POINT
  8
3
  10
-339.433289
  20
2077.680664
  0
POINT
  8
4
  10
-224.192215
  20
2341.235596
  30
7.000000
  39
0.000000
  50
324.078033
  0
POINT
  8
4
  10
-230.032425
  20
2333.034912
  30
7.000000
  39
0.000000
  50
324.682739
  0
TEXT
  8
15
  10
-186.037643
  20
1678.178101
  40
13.187500
  50
0.000000
  999
18.000000
  1
There are some wierd lines here on my patterns.
  7
STANDARD
  0
TEXT
  8
15
  10
-203.756866
  20
2114.531250
  40
11.328125
  50
89.998055
  999
11.000000
  1000
3
  1
Body_Back_2
  7
STANDARD
  0
POLYLINE
  8
87
  66
1
  70
1
  250
2
  0
VERTEX
  8
87
  10
-115.706116
  20
2445.688477
  0
VERTEX
  8
87
  10
-124.556305
  20
2440.035156
  0
VERTEX
  8
87
  10
-130.449463
  20
2436.097656
  0
VERTEX
  8
87
  10
-136.253204
  20
2432.030029
  0
VERTEX
  8
87
  10
-140.801666
  20
2428.697754
  0
VERTEX
  8
87
  10
-145.291687
  20
2425.289307
  0
VERTEX
  8
87
  10
-149.733047
  20
2421.812256
  0
VERTEX
  8
87
  10
-153.007431
  20
2419.184570
  0
VERTEX
  8
87
  10
-156.245148
  20
2416.515137
  0
VERTEX
  8
87
  10
-159.435699
  20
2413.791016
  0
VERTEX
  8
87
  10
-162.568604
  20
2411.000488
  0
VERTEX
  8
87
  10
-166.600677
  20
2407.211182
  0
VERTEX
  8
87
  10
-170.540604
  20
2403.325439
  0
VERTEX
  8
87
  10
-174.422638
  20
2399.377930
  0
VERTEX
  8
87
  10
-179.021179
  20
2394.620361
  0
VERTEX
  8
87
  10
-183.582123
  20
2389.832031
  0
VERTEX
  8
87
  10
-188.109985
  20
2385.013916
  0
VERTEX
  8
87
  10
-192.609222
  20
2380.167480
  0
VERTEX
  8
87
  10
-197.084351
  20
2375.293945
  0
VERTEX
  8
87
  10
-200.765503
  20
2371.236328
  0
VERTEX
  8
87
  10
-204.391754
  20
2367.133301
  0
VERTEX
  8
87
  10
-207.927063
  20
2362.951904
  0
VERTEX
  8
87
  10
-211.016083
  20
2359.092773
  0
VERTEX
  8
87
  10
-214.022308
  20
2355.169189
  0
VERTEX
  8
87
  10
-216.972321
  20
2351.200439
  0
VERTEX
  8
87
  10
-224.192169
  20
2341.235596
  0
VERTEX
  8
87
  10
-227.294952
  20
2336.899170
  0
VERTEX
  8
87
  10
-230.032394
  20
2333.034912
  0
VERTEX
  8
87
  10
-238.009109
  20
2321.759033
  0
VERTEX
  8
87
  10
-246.035416
  20
2310.518066
  0
VERTEX
  8
87
  10
-250.802536
  20
2303.950195
  0
VERTEX
  8
87
  10
-255.647385
  20
2297.439209
  0
VERTEX
  8
87
  10
-258.953796
  20
2293.127686
  0
VERTEX
  8
87
  10
-262.320770
  20
2288.865479
  0
VERTEX
  8
87
  10
-265.759399
  20
2284.658691
  0
VERTEX
  8
87
  10
-269.313660
  20
2280.473633
  0
VERTEX
  8
87
  10
-272.950317
  20
2276.362061
  0
VERTEX
  8
87
  10
-276.674774
  20
2272.326904
  0
VERTEX
  8
87
  10
-279.548676
  20
2269.333008
  0
VERTEX
  8
87
  10
-282.475586
  20
2266.393066
  0
VERTEX
  8
87
  10
-285.459717
  20
2263.511719
  0
VERTEX
  8
87
  10
-288.505310
  20
2260.693359
  0
VERTEX
  8
87
  10
-291.656860
  20
2257.906250
  0
VERTEX
  8
87
  10
-294.870209
  20
2255.192871
  0
VERTEX
  8
87
  10
-298.144257
  20
2252.552246
  0
VERTEX
  8
87
  10
-301.477905
  20
2249.985107
  0
VERTEX
  8
87
  10
-304.902405
  20
2247.468506
  0
VERTEX
  8
87
  10
-308.383118
  20
2245.033447
  0
VERTEX
  8
87
  10
-311.921570
  20
2242.682617
  0
VERTEX
  8
87
  10
-315.519165
  20
2240.419189
  0
VERTEX
  8
87
  10
-318.460571
  20
2238.662354
  0
VERTEX
  8
87
  10
-321.437958
  20
2236.969238
  0
VERTEX
  8
87
  10
-324.451263
  20
2235.342529
  0
VERTEX
  8
87
  10
-327.500305
  20
2233.785156
  0
VERTEX
  8
87
  10
-330.584900
  20
2232.299561
  0
VERTEX
  8
87
  10
-335.917542
  20
2229.927979
  0
VERTEX
  8
87
  10
-341.314270
  20
2227.704346
  0
VERTEX
  8
87
  10
-346.745300
  20
2225.552979
  0
VERTEX
  8
87
  10
-345.938812
  20
2213.298340
  0
VERTEX
  8
87
  10
-345.148926
  20
2201.047363
  0
VERTEX
  8
87
  10
-344.391785
  20
2188.794434
  0
VERTEX
  8
87
  10
-343.683533
  20
2176.534424
  0
VERTEX
  8
87
  10
-343.158691
  20
2166.681152
  0
VERTEX
  8
87
  10
-342.670044
  20
2156.829590
  0
VERTEX
  8
87
  10
-342.211243
  20
2146.977539
  0
VERTEX
  8
87
  10
-341.775879
  20
2137.123047
  0
VERTEX
  8
87
  10
-341.357605
  20
2127.264404
  0
VERTEX
  8
87
  10
-340.683105
  20
2110.735840
  0
VERTEX
  8
87
  10
-340.041321
  20
2094.211426
  0
VERTEX
  8
87
  10
-339.433289
  20
2077.680664
  0
VERTEX
  8
87
  10
-337.766785
  20
2028.029785
  0
VERTEX
  8
87
  10
-341.895905
  20
1868.184204
  0
VERTEX
  8
87
  10
-90.991364
  20
1868.176880
  0
VERTEX
  8
87
  10
-90.967972
  20
2443.901123
  0
SEQEND
  0
POLYLINE
  8
8
  66
1
  70
0
  250
0
  0
VERTEX
  8
8
  10
-346.745300
  20
2225.553467
  0
VERTEX
  8
8
  10
-90.975533
  20
2225.544434
  0
SEQEND
  0
TEXT
  8
8
  10
-346.745300
  20
2225.553467
  40
0.250000
  50
0.000000
  1
# -1
  7
STANDARD
  0
TEXT
  8
8
  10
-90.975533
  20
2225.544434
  40
0.250000
  50
0.000000
  1
# -1
  7
STANDARD
  0
POINT
  8
2
  10
-346.745300
  20
2225.553467
  0
POINT
  8
2
  10
-90.975533
  20
2225.544434
  0
POLYLINE
  8
85
  66
1
  70
0
  250
1
  0
VERTEX
  8
85
  10
-90.975533
  20
2225.544434
  0
SEQEND
  0
POLYLINE
  8
8
  66
1
  70
0
  250
0
  0
VERTEX
  8
8
  10
-337.766785
  20
2028.030273
  0
VERTEX
  8
8
  10
-90.982246
  20
2028.021240
  0
SEQEND
  0
TEXT
  8
8
  10
-337.766785
  20
2028.030273
  40
0.250000
  50
0.000000
  1
# -1
  7
STANDARD
  0
TEXT
  8
8
  10
-90.982246
  20
2028.021240
  40
0.250000
  50
0.000000
  1
# -1
  7
STANDARD
  0
POINT
  8
2
  10
-337.766785
  20
2028.030273
  0
POINT
  8
2
  10
-90.982246
  20
2028.021240
  0
POLYLINE
  8
85
  66
1
  70
0
  250
1
  0
VERTEX
  8
85
  10
-90.982246
  20
2028.021240
  0
SEQEND
  0
POLYLINE
  8
8
  66
1
  70
0
  250
0
  0
VERTEX
  8
8
  10
-90.980598
  20
2057.977295
  0
VERTEX
  8
8
  10
-98.480408
  20
2059.986572
  0
VERTEX
  8
8
  10
-103.971062
  20
2065.477295
  0
VERTEX
  8
8
  10
-105.980568
  20
2072.977295
  0
VERTEX
  8
8
  10
-103.971031
  20
2080.477295
  0
VERTEX
  8
8
  10
-98.480606
  20
2085.968018
  0
VERTEX
  8
8
  10
-90.980537
  20
2087.977295
  0
SEQEND
  0
TEXT
  8
8
  10
-90.980598
  20
2057.977295
  40
0.250000
  50
0.000000
  1
# -1
  7
STANDARD
  0
TEXT
  8
8
  10
-98.480408
  20
2059.986572
  40
0.250000
  50
0.000000
  1
# -1
  7
STANDARD
  0
TEXT
  8
8
  10
-103.971062
  20
2065.477295
  40
0.250000
  50
0.000000
  1
# -1
  7
STANDARD
  0
TEXT
  8
8
  10
-105.980568
  20
2072.977295
  40
0.250000
  50
0.000000
  1
# -1
  7
STANDARD
  0
TEXT
  8
8
  10
-103.971031
  20
2080.477295
  40
0.250000
  50
0.000000
  1
# -1
  7
STANDARD
  0
TEXT
  8
8
  10
-98.480606
  20
2085.968018
  40
0.250000
  50
0.000000
  1
# -1
  7
STANDARD
  0
TEXT
  8
8
  10
-90.980537
  20
2087.977295
  40
0.250000
  50
0.000000
  1
# -1
  7
STANDARD
  0
POINT
  8
2
  10
-90.980598
  20
2057.977295
  0
POINT
  8
2
  10
-90.980537
  20
2087.977295
  0
POINT
  8
3
  10
-98.480408
  20
2059.986572
  0
POINT
  8
3
  10
-103.971062
  20
2065.477295
  0
POINT
  8
3
  10
-105.980568
  20
2072.977295
  0
POINT
  8
3
  10
-103.971031
  20
2080.477295
  0
POINT
  8
3
  10
-98.480606
  20
2085.968018
  0
POLYLINE
  8
85
  66
1
  70
0
  250
1
  0
VERTEX
  8
85
  10
-92.937798
  20
2058.293701
  0
VERTEX
  8
85
  10
-94.861984
  20
2058.684082
  0
VERTEX
  8
85
  10
-96.720428
  20
2059.223389
  0
VERTEX
  8
85
  10
-98.480408
  20
2059.986572
  0
VERTEX
  8
85
  10
-99.796204
  20
2060.797852
  0
VERTEX
  8
85
  10
-101.015434
  20
2061.775879
  0
VERTEX
  8
85
  10
-102.125832
  20
2062.897217
  0
VERTEX
  8
85
  10
-103.115135
  20
2064.138916
  0
VERTEX
  8
85
  10
-103.971062
  20
2065.477295
  0
VERTEX
  8
85
  10
-104.682533
  20
2066.889893
  0
VERTEX
  8
85
  10
-105.243698
  20
2068.360840
  0
VERTEX
  8
85
  10
-105.650093
  20
2069.875000
  0
VERTEX
  8
85
  10
-105.897209
  20
2071.418701
  0
VERTEX
  8
85
  10
-105.980568
  20
2072.977295
  0
VERTEX
  8
85
  10
-105.897179
  20
2074.535889
  0
VERTEX
  8
85
  10
-105.650040
  20
2076.079590
  0
VERTEX
  8
85
  10
-105.243645
  20
2077.593750
  0
VERTEX
  8
85
  10
-104.682480
  20
2079.064453
  0
VERTEX
  8
85
  10
-103.971031
  20
2080.477295
  0
VERTEX
  8
85
  10
-103.115135
  20
2081.815674
  0
VERTEX
  8
85
  10
-102.125885
  20
2083.057373
  0
VERTEX
  8
85
  10
-101.015533
  20
2084.178711
  0
VERTEX
  8
85
  10
-99.796356
  20
2085.156738
  0
VERTEX
  8
85
  10
-98.480606
  20
2085.968018
  0
VERTEX
  8
85
  10
-96.720589
  20
2086.731201
  0
VERTEX
  8
85
  10
-94.862083
  20
2087.270508
  0
VERTEX
  8
85
  10
-92.937820
  20
2087.660889
  0
VERTEX
  8
85
  10
-90.980537
  20
2087.977295
  0
SEQEND
  0
POLYLINE
  8
8
  66
1
  70
0
  250
0
  0
VERTEX
  8
8
  10
-90.980583
  20
2065.477295
  0
VERTEX
  8
8
  10
-96.282776
  20
2067.648682
  0
VERTEX
  8
8
  10
-98.480568
  20
2072.977295
  0
VERTEX
  8
8
  10
-96.282745
  20
2078.305908
  0
VERTEX
  8
8
  10
-90.980553
  20
2080.477295
  0
SEQEND
  0
TEXT
  8
8
  10
-90.980583
  20
2065.477295
  40
0.250000
  50
0.000000
  1
# -1
  7
STANDARD
  0
TEXT
  8
8
  10
-90.980553
  20
2080.477295
  40
0.250000
  50
0.000000
  1
# -1
  7
STANDARD
  0
POINT
  8
2
  10
-90.980583
  20
2065.477295
  0
POINT
  8
2
  10
-90.980553
  20
2080.477295
  0
POINT
  8
3
  10
-96.282776
  20
2067.648682
  0
POINT
  8
3
  10
-98.480568
  20
2072.977295
  0
POINT
  8
3
  10
-96.282745
  20
2078.305908
  0
POLYLINE
  8
85
  66
1
  70
0
  250
1
  0
VERTEX
  8
85
  10
-92.918991
  20
2065.970459
  0
VERTEX
  8
85
  10
-94.729134
  20
2066.636230
  0
VERTEX
  8
85
  10
-96.282776
  20
2067.648682
  0
VERTEX
  8
85
  10
-97.213013
  20
2068.722168
  0
VERTEX
  8
85
  10
-97.903305
  20
2070.017334
  0
VERTEX
  8
85
  10
-98.332779
  20
2071.460205
  0
VERTEX
  8
85
  10
-98.480568
  20
2072.977295
  0
VERTEX
  8
85
  10
-98.332748
  20
2074.494385
  0
VERTEX
  8
85
  10
-97.903259
  20
2075.937256
  0
VERTEX
  8
85
  10
-97.212959
  20
2077.232178
  0
VERTEX
  8
85
  10
-96.282745
  20
2078.305908
  0
VERTEX
  8
85
  10
-94.729095
  20
2079.318359
  0
VERTEX
  8
85
  10
-92.918961
  20
2079.984131
  0
VERTEX
  8
85
  10
-90.980553
  20
2080.477295
  0
SEQEND
  0
TEXT
  8
1
  10
-224.084839
  20
2156.905273
  50
0.000000
  1
PIECE NAME: Body_Back_2
  7
STANDARD
  0
TEXT
  8
1
  10
-224.084839
  20
2151.905273
  50
0.000000
  1
SIZE: M
  7
STANDARD
  0
TEXT
  8
1
  10
-224.084839
  20
2141.905273
  50
0.000000
  1
QUANTITY: 1
  7
STANDARD
  0
ENDBLK
  0
BLOCK
  8
1
  2
Body_Front_3_M
  70
64
  10
0
  20
0
  0
POLYLINE
  8
1
  66
1
  70
1
  250
0
  0
VERTEX
  8
1
  10
-78.237244
  20
1433.061035
  0
VERTEX
  8
1
  10
-95.327293
  20
1432.449341
  0
VERTEX
  8
1
  10
-103.934776
  20
1432.406860
  0
VERTEX
  8
1
  10
-112.495834
  20
1433.251221
  0
VERTEX
  8
1
  10
-120.852600
  20
1435.288086
  0
VERTEX
  8
1
  10
-128.812836
  20
1438.546387
  0
VERTEX
  8
1
  10
-136.215225
  20
1442.928223
  0
VERTEX
  8
1
  10
-143.008652
  20
1448.208740
  0
VERTEX
  8
1
  10
-149.236618
  20
1454.148438
  0
VERTEX
  8
1
  10
-154.962860
  20
1460.573975
  0
VERTEX
  8
1
  10
-160.022110
  20
1467.532959
  0
VERTEX
  8
1
  10
-164.317749
  20
1474.991699
  0
VERTEX
  8
1
  10
-173.036621
  20
1491.344727
  0
VERTEX
  8
1
  10
-190.601288
  20
1478.061646
  0
VERTEX
  8
1
  10
-201.371414
  20
1469.572998
  0
VERTEX
  8
1
  10
-211.872284
  20
1460.753418
  0
VERTEX
  8
1
  10
-222.041885
  20
1451.554565
  0
VERTEX
  8
1
  10
-231.725677
  20
1441.847900
  0
VERTEX
  8
1
  10
-240.660934
  20
1431.447876
  0
VERTEX
  8
1
  10
-248.919083
  20
1420.938232
  0
VERTEX
  8
1
  10
-257.059692
  20
1410.277588
  0
VERTEX
  8
1
  10
-262.474670
  20
1402.720093
  0
VERTEX
  8
1
  10
-267.661926
  20
1395.005371
  0
VERTEX
  8
1
  10
-272.609436
  20
1387.133667
  0
VERTEX
  8
1
  10
-277.224304
  20
1379.063843
  0
VERTEX
  8
1
  10
-277.604675
  20
1378.302246
  0
VERTEX
  8
1
  10
-281.202179
  20
1370.663452
  0
VERTEX
  8
1
  10
-284.582825
  20
1362.003296
  0
VERTEX
  8
1
  10
-289.091614
  20
1349.767944
  0
VERTEX
  8
1
  10
-292.797119
  20
1340.221558
  0
VERTEX
  8
1
  10
-296.836304
  20
1330.812012
  0
VERTEX
  8
1
  10
-301.438293
  20
1321.665771
  0
VERTEX
  8
1
  10
-306.825500
  20
1312.961182
  0
VERTEX
  8
1
  10
-313.163086
  20
1304.925171
  0
VERTEX
  8
1
  10
-320.572266
  20
1297.870605
  0
VERTEX
  8
1
  10
-329.152130
  20
1292.315918
  0
VERTEX
  8
1
  10
-332.947601
  20
1290.670044
  0
VERTEX
  8
1
  10
-336.894135
  20
1289.430054
  0
VERTEX
  8
1
  10
-340.943481
  20
1288.580078
  0
VERTEX
  8
1
  10
-345.036377
  20
1287.968994
  0
VERTEX
  8
1
  10
-360.194550
  20
1286.044922
  0
VERTEX
  8
1
  10
-358.598541
  20
1261.867432
  0
VERTEX
  8
1
  10
-357.807800
  20
1249.641846
  0
VERTEX
  8
1
  10
-357.050812
  20
1237.433105
  0
VERTEX
  8
1
  10
-356.343292
  20
1225.228638
  0
VERTEX
  8
1
  10
-355.096466
  20
1200.685059
  0
VERTEX
  8
1
  10
-354.015564
  20
1176.133667
  0
VERTEX
  8
1
  10
-353.338837
  20
1159.632812
  0
VERTEX
  8
1
  10
-352.694305
  20
1143.125366
  0
VERTEX
  8
1
  10
-352.084137
  20
1126.631226
  0
VERTEX
  8
1
  10
-350.420166
  20
1077.369385
  0
VERTEX
  8
1
  10
-354.520020
  20
904.868774
  0
VERTEX
  8
1
  10
-77.887177
  20
904.880371
  0
SEQEND
  0
POINT
  8
2
  10
-78.237244
  20
1433.061035
  0
POINT
  8
2
  10
-95.327293
  20
1432.449341
  0
POINT
  8
2
  10
-164.317749
  20
1474.991699
  0
POINT
  8
2
  10
-173.036621
  20
1491.344727
  0
POINT
  8
2
  10
-190.601288
  20
1478.061646
  0
POINT
  8
2
  10
-345.036377
  20
1287.968994
  0
POINT
  8
2
  10
-360.194550
  20
1286.044922
  0
POINT
  8
2
  10
-358.598541
  20
1261.867432
  0
POINT
  8
2
  10
-352.084137
  20
1126.631226
  0
POINT
  8
2
  10
-350.420166
  20
1077.369385
  0
POINT
  8
2
  10
-354.520020
  20
904.868774
  0
POINT
  8
2
  10
-77.887177
  20
904.880371
  0
POINT
  8
3
  10
-103.934776
  20
1432.406860
  0
POINT
  8
3
  10
-112.495834
  20
1433.251221
  0
POINT
  8
3
  10
-120.852600
  20
1435.288086
  0
POINT
  8
3
  10
-128.812836
  20
1438.546387
  0
POINT
  8
3
  10
-136.215225
  20
1442.928223
  0
POINT
  8
3
  10
-143.008652
  20
1448.208740
  0
POINT
  8
3
  10
-149.236618
  20
1454.148438
  0
POINT
  8
3
  10
-154.962860
  20
1460.573975
  0
POINT
  8
3
  10
-160.022110
  20
1467.532959
  0
POINT
  8
3
  10
-201.371414
  20
1469.572998
  0
POINT
  8
3
  10
-211.872284
  20
1460.753418
  0
POINT
  8
3
  10
-222.041885
  20
1451.554565
  0
POINT
  8
3
  10
-231.725677
  20
1441.847900
  0
POINT
  8
3
  10
-240.660934
  20
1431.447876
  0
POINT
  8
3
  10
-248.919083
  20
1420.938232
  0
POINT
  8
3
  10
-257.059692
  20
1410.277588
  0
POINT
  8
3
  10
-262.474670
  20
1402.720093
  0
POINT
  8
3
  10
-267.661926
  20
1395.005371
  0
POINT
  8
3
  10
-272.609436
  20
1387.133667
  0
POINT
  8
3
  10
-277.224304
  20
1379.063843
  0
POINT
  8
3
  10
-277.604675
  20
1378.302246
  0
POINT
  8
3
  10
-281.202179
  20
1370.663452
  0
POINT
  8
3
  10
-284.582825
  20
1362.003296
  0
POINT
  8
3
  10
-289.091614
  20
1349.767944
  0
POINT
  8
3
  10
-292.797119
  20
1340.221558
  0
POINT
  8
3
  10
-296.836304
  20
1330.812012
  0
POINT
  8
3
  10
-301.438293
  20
1321.665771
  0
POINT
  8
3
  10
-306.825500
  20
1312.961182
  0
POINT
  8
3
  10
-313.163086
  20
1304.925171
  0
POINT
  8
3
  10
-320.572266
  20
1297.870605
  0
POINT
  8
3
  10
-329.152130
  20
1292.315918
  0
POINT
  8
3
  10
-332.947601
  20
1290.670044
  0
POINT
  8
3
  10
-336.894135
  20
1289.430054
  0
POINT
  8
3
  10
-340.943481
  20
1288.580078
  0
POINT
  8
3
  10
-357.807800
  20
1249.641846
  0
POINT
  8
3
  10
-357.050812
  20
1237.433105
  0
POINT
  8
3
  10
-356.343292
  20
1225.228638
  0
POINT
  8
3
  10
-355.096466
  20
1200.685059
  0
POINT
  8
3
  10
-354.015564
  20
1176.133667
  0
POINT
  8
3
  10
-353.338837
  20
1159.632812
  0
POINT
  8
3
  10
-352.694305
  20
1143.125366
  0
POINT
  8
4
  10
-277.604675
  20
1378.302246
  30
7.000000
  39
0.000000
  50
331.460144
  0
POLYLINE
  8
84
  66
1
  70
1
  250
1
  0
VERTEX
  8
84
  10
-95.327293
  20
1432.449341
  0
VERTEX
  8
84
  10
-103.934776
  20
1432.406860
  0
VERTEX
  8
84
  10
-108.228676
  20
1432.688477
  0
VERTEX
  8
84
  10
-112.495834
  20
1433.251221
  0
VERTEX
  8
84
  10
-115.313873
  20
1433.793457
  0
VERTEX
  8
84
  10
-118.101326
  20
1434.472168
  0
VERTEX
  8
84
  10
-120.852600
  20
1435.288086
  0
VERTEX
  8
84
  10
-123.559631
  20
1436.240967
  0
VERTEX
  8
84
  10
-126.214767
  20
1437.327759
  0
VERTEX
  8
84
  10
-128.812836
  20
1438.546387
  0
VERTEX
  8
84
  10
-132.589493
  20
1440.609375
  0
VERTEX
  8
84
  10
-136.215225
  20
1442.928223
  0
VERTEX
  8
84
  10
-139.687424
  20
1445.471558
  0
VERTEX
  8
84
  10
-143.008652
  20
1448.208740
  0
VERTEX
  8
84
  10
-146.187027
  20
1451.110840
  0
VERTEX
  8
84
  10
-149.236618
  20
1454.148438
  0
VERTEX
  8
84
  10
-152.167679
  20
1457.300415
  0
VERTEX
  8
84
  10
-154.962860
  20
1460.573975
  0
VERTEX
  8
84
  10
-157.594162
  20
1463.981445
  0
VERTEX
  8
84
  10
-160.022110
  20
1467.532959
  0
VERTEX
  8
84
  10
-162.231750
  20
1471.224365
  0
VERTEX
  8
84
  10
-164.317749
  20
1474.991699
  0
VERTEX
  8
84
  10
-173.036621
  20
1491.344727
  0
VERTEX
  8
84
  10
-190.601288
  20
1478.061646
  0
VERTEX
  8
84
  10
-201.371414
  20
1469.572998
  0
VERTEX
  8
84
  10
-206.661545
  20
1465.210693
  0
VERTEX
  8
84
  10
-211.872284
  20
1460.753418
  0
VERTEX
  8
84
  10
-217.002991
  20
1456.205200
  0
VERTEX
  8
84
  10
-222.041885
  20
1451.554565
  0
VERTEX
  8
84
  10
-225.340698
  20
1448.388550
  0
VERTEX
  8
84
  10
-228.573761
  20
1445.158203
  0
VERTEX
  8
84
  10
-231.725677
  20
1441.847900
  0
VERTEX
  8
84
  10
-234.783569
  20
1438.450439
  0
VERTEX
  8
84
  10
-237.756210
  20
1434.978882
  0
VERTEX
  8
84
  10
-240.660934
  20
1431.447876
  0
VERTEX
  8
84
  10
-248.919083
  20
1420.938232
  0
VERTEX
  8
84
  10
-257.059692
  20
1410.277588
  0
VERTEX
  8
84
  10
-262.474670
  20
1402.720093
  0
VERTEX
  8
84
  10
-267.661926
  20
1395.005371
  0
VERTEX
  8
84
  10
-272.609436
  20
1387.133667
  0
VERTEX
  8
84
  10
-274.977875
  20
1383.133179
  0
VERTEX
  8
84
  10
-277.224304
  20
1379.063843
  0
VERTEX
  8
84
  10
-279.301208
  20
1374.905396
  0
VERTEX
  8
84
  10
-281.202179
  20
1370.663452
  0
VERTEX
  8
84
  10
-284.582825
  20
1362.003296
  0
VERTEX
  8
84
  10
-289.091614
  20
1349.767944
  0
VERTEX
  8
84
  10
-292.797119
  20
1340.221558
  0
VERTEX
  8
84
  10
-294.761688
  20
1335.493164
  0
VERTEX
  8
84
  10
-296.836304
  20
1330.812012
  0
VERTEX
  8
84
  10
-299.052002
  20
1326.195923
  0
VERTEX
  8
84
  10
-301.438293
  20
1321.665771
  0
VERTEX
  8
84
  10
-304.021973
  20
1317.245483
  0
VERTEX
  8
84
  10
-306.825500
  20
1312.961182
  0
VERTEX
  8
84
  10
-308.826233
  20
1310.195068
  0
VERTEX
  8
84
  10
-310.936951
  20
1307.513184
  0
VERTEX
  8
84
  10
-313.163086
  20
1304.925171
  0
VERTEX
  8
84
  10
-315.507080
  20
1302.444458
  0
VERTEX
  8
84
  10
-317.974365
  20
1300.087402
  0
VERTEX
  8
84
  10
-320.572266
  20
1297.870605
  0
VERTEX
  8
84
  10
-322.606750
  20
1296.313477
  0
VERTEX
  8
84
  10
-324.715240
  20
1294.859619
  0
VERTEX
  8
84
  10
-326.897186
  20
1293.522705
  0
VERTEX
  8
84
  10
-329.152130
  20
1292.315918
  0
VERTEX
  8
84
  10
-332.947601
  20
1290.670044
  0
VERTEX
  8
84
  10
-336.894135
  20
1289.430054
  0
VERTEX
  8
84
  10
-340.943481
  20
1288.580078
  0
VERTEX
  8
84
  10
-345.036377
  20
1287.968994
  0
VERTEX
  8
84
  10
-360.194550
  20
1286.044922
  0
VERTEX
  8
84
  10
-358.598541
  20
1261.867432
  0
VERTEX
  8
84
  10
-357.807800
  20
1249.641846
  0
VERTEX
  8
84
  10
-357.050812
  20
1237.433105
  0
VERTEX
  8
84
  10
-356.343292
  20
1225.228638
  0
VERTEX
  8
84
  10
-355.693024
  20
1212.958252
  0
VERTEX
  8
84
  10
-355.096466
  20
1200.685059
  0
VERTEX
  8
84
  10
-354.015564
  20
1176.133667
  0
VERTEX
  8
84
  10
-353.338837
  20
1159.632812
  0
VERTEX
  8
84
  10
-352.694305
  20
1143.125366
  0
VERTEX
  8
84
  10
-352.084137
  20
1126.631226
  0
VERTEX
  8
84
  10
-350.420166
  20
1077.369385
  0
VERTEX
  8
84
  10
-354.520020
  20
904.868774
  0
VERTEX
  8
84
  10
-77.887177
  20
904.880371
  0
VERTEX
  8
84
  10
-78.237244
  20
1433.061035
  0
SEQEND
  0
LINE
  8
7
  10
-218.662109
  20
1104.905029
  11
-218.668091
  21
1284.905029
  0
POLYLINE
  8
14
  66
1
  70
1
  250
2
  0
VERTEX
  8
14
  10
-90.928520
  20
1419.898682
  0
VERTEX
  8
14
  10
-107.009605
  20
1419.842773
  0
VERTEX
  8
14
  10
-122.608139
  20
1422.542114
  0
VERTEX
  8
14
  10
-136.955856
  20
1428.474976
  0
VERTEX
  8
14
  10
-149.565735
  20
1437.117554
  0
VERTEX
  8
14
  10
-160.490662
  20
1447.579102
  0
VERTEX
  8
14
  10
-169.833908
  20
1459.320801
  0
VERTEX
  8
14
  10
-177.243301
  20
1472.240723
  0
VERTEX
  8
14
  10
-182.879730
  20
1467.978271
  0
VERTEX
  8
14
  10
-193.234375
  20
1459.820312
  0
VERTEX
  8
14
  10
-203.319901
  20
1451.359741
  0
VERTEX
  8
14
  10
-212.997650
  20
1442.625977
  0
VERTEX
  8
14
  10
-222.201202
  20
1433.439331
  0
VERTEX
  8
14
  10
-230.763489
  20
1423.488525
  0
VERTEX
  8
14
  10
-238.878494
  20
1413.161133
  0
VERTEX
  8
14
  10
-246.863251
  20
1402.704590
  0
VERTEX
  8
14
  10
-254.437698
  20
1391.972046
  0
VERTEX
  8
14
  10
-261.558777
  20
1380.862183
  0
VERTEX
  8
14
  10
-266.268005
  20
1372.569580
  0
VERTEX
  8
14
  10
-267.755737
  20
1369.625488
  0
VERTEX
  8
14
  10
-272.683472
  20
1357.565063
  0
VERTEX
  8
14
  10
-277.200989
  20
1345.305908
  0
VERTEX
  8
14
  10
-281.973267
  20
1333.141357
  0
VERTEX
  8
14
  10
-287.321289
  20
1321.256470
  0
VERTEX
  8
14
  10
-293.697021
  20
1309.798706
  0
VERTEX
  8
14
  10
-301.320374
  20
1299.208984
  0
VERTEX
  8
14
  10
-310.517273
  20
1289.726562
  0
VERTEX
  8
14
  10
-321.209473
  20
1282.142456
  0
VERTEX
  8
14
  10
-333.233093
  20
1277.255005
  0
VERTEX
  8
14
  10
-346.734619
  20
1274.951538
  0
VERTEX
  8
14
  10
-343.662903
  20
1225.934326
  0
VERTEX
  8
14
  10
-341.326782
  20
1176.666504
  0
VERTEX
  8
14
  10
-339.392151
  20
1127.083008
  0
VERTEX
  8
14
  10
-337.715057
  20
1077.432861
  0
VERTEX
  8
14
  10
-341.514587
  20
917.569336
  0
VERTEX
  8
14
  10
-90.595589
  20
917.579895
  0
SEQEND
  0
TEXT
  8
14
  10
-90.928520
  20
1419.898682
  40
0.250000
  50
0.000000
  1
# -1
  7
STANDARD
  0
TEXT
  8
14
  10
-107.009605
  20
1419.842773
  40
0.250000
  50
0.000000
  1
# -1
  7
STANDARD
  0
TEXT
  8
14
  10
-122.608139
  20
1422.542114
  40
0.250000
  50
0.000000
  1
# -1
  7
STANDARD
  0
TEXT
  8
14
  10
-136.955856
  20
1428.474976
  40
0.250000
  50
0.000000
  1
# -1
  7
STANDARD
  0
TEXT
  8
14
  10
-149.565735
  20
1437.117554
  40
0.250000
  50
0.000000
  1
# -1
  7
STANDARD
  0
TEXT
  8
14
  10
-160.490662
  20
1447.579102
  40
0.250000
  50
0.000000
  1
# -1
  7
STANDARD
  0
TEXT
  8
14
  10
-169.833908
  20
1459.320801
  40
0.250000
  50
0.000000
  1
# -1
  7
STANDARD
  0
TEXT
  8
14
  10
-177.243301
  20
1472.240723
  40
0.250000
  50
0.000000
  1
# -1
  7
STANDARD
  0
TEXT
  8
14
  10
-182.879730
  20
1467.978271
  40
0.250000
  50
0.000000
  1
# -1
  7
STANDARD
  0
TEXT
  8
14
  10
-193.234375
  20
1459.820312
  40
0.250000
  50
0.000000
  1
# -1
  7
STANDARD
  0
TEXT
  8
14
  10
-203.319901
  20
1451.359741
  40
0.250000
  50
0.000000
  1
# -1
  7
STANDARD
  0
TEXT
  8
14
  10
-212.997650
  20
1442.625977
  40
0.250000
  50
0.000000
  1
# -1
  7
STANDARD
  0
TEXT
  8
14
  10
-222.201202
  20
1433.439331
  40
0.250000
  50
0.000000
  1
# -1
  7
STANDARD
  0
TEXT
  8
14
  10
-230.763489
  20
1423.488525
  40
0.250000
  50
0.000000
  1
# -1
  7
STANDARD
  0
TEXT
  8
14
  10
-238.878494
  20
1413.161133
  40
0.250000
  50
0.000000
  1
# -1
  7
STANDARD
  0
TEXT
  8
14
  10
-246.863251
  20
1402.704590
  40
0.250000
  50
0.000000
  1
# -1
  7
STANDARD
  0
TEXT
  8
14
  10
-254.437698
  20
1391.972046
  40
0.250000
  50
0.000000
  1
# -1
  7
STANDARD
  0
TEXT
  8
14
  10
-261.558777
  20
1380.862183
  40
0.250000
  50
0.000000
  1
# -1
  7
STANDARD
  0
TEXT
  8
14
  10
-267.755737
  20
1369.625488
  40
0.250000
  50
0.000000
  1
# -1
  7
STANDARD
  0
TEXT
  8
14
  10
-272.683472
  20
1357.565063
  40
0.250000
  50
0.000000
  1
# -1
  7
STANDARD
  0
TEXT
  8
14
  10
-277.200989
  20
1345.305908
  40
0.250000
  50
0.000000
  1
# -1
  7
STANDARD
  0
TEXT
  8
14
  10
-281.973267
  20
1333.141357
  40
0.250000
  50
0.000000
  1
# -1
  7
STANDARD
  0
TEXT
  8
14
  10
-287.321289
  20
1321.256470
  40
0.250000
  50
0.000000
  1
# -1
  7
STANDARD
  0
TEXT
  8
14
  10
-293.697021
  20
1309.798706
  40
0.250000
  50
0.000000
  1
# -1
  7
STANDARD
  0
TEXT
  8
14
  10
-301.320374
  20
1299.208984
  40
0.250000
  50
0.000000
  1
# -1
  7
STANDARD
  0
TEXT
  8
14
  10
-310.517273
  20
1289.726562
  40
0.250000
  50
0.000000
  1
# -1
  7
STANDARD
  0
TEXT
  8
14
  10
-321.209473
  20
1282.142456
  40
0.250000
  50
0.000000
  1
# -1
  7
STANDARD
  0
TEXT
  8
14
  10
-333.233093
  20
1277.255005
  40
0.250000
  50
0.000000
  1
# -1
  7
STANDARD
  0
TEXT
  8
14
  10
-346.734619
  20
1274.951538
  40
0.250000
  50
0.000000
  1
# -1
  7
STANDARD
  0
TEXT
  8
14
  10
-343.662903
  20
1225.934326
  40
0.250000
  50
0.000000
  1
# -1
  7
STANDARD
  0
TEXT
  8
14
  10
-341.326782
  20
1176.666504
  40
0.250000
  50
0.000000
  1
# -1
  7
STANDARD
  0
TEXT
  8
14
  10
-339.392151
  20
1127.083008
  40
0.250000
  50
0.000000
  1
# -1
  7
STANDARD
  0
TEXT
  8
14
  10
-337.715057
  20
1077.432861
  40
0.250000
  50
0.000000
  1
# -1
  7
STANDARD
  0
TEXT
  8
14
  10
-341.514587
  20
917.569336
  40
0.250000
  50
0.000000
  1
# -1
  7
STANDARD
  0
TEXT
  8
14
  10
-90.595589
  20
917.579895
  40
0.250000
  50
0.000000
  1
# -1
  7
STANDARD
  0
POINT
  8
2
  10
-90.928520
  20
1419.898682
  0
POINT
  8
2
  10
-177.243301
  20
1472.240723
  0
POINT
  8
2
  10
-346.734619
  20
1274.951538
  0
POINT
  8
2
  10
-337.715057
  20
1077.432861
  0
POINT
  8
2
  10
-341.514587
  20
917.569336
  0
POINT
  8
2
  10
-90.595589
  20
917.579895
  0
POINT
  8
3
  10
-107.009605
  20
1419.842773
  0
POINT
  8
3
  10
-122.608139
  20
1422.542114
  0
POINT
  8
3
  10
-136.955856
  20
1428.474976
  0
POINT
  8
3
  10
-149.565735
  20
1437.117554
  0
POINT
  8
3
  10
-160.490662
  20
1447.579102
  0
POINT
  8
3
  10
-169.833908
  20
1459.320801
  0
POINT
  8
3
  10
-182.879730
  20
1467.978271
  0
POINT
  8
3
  10
-193.234375
  20
1459.820312
  0
POINT
  8
3
  10
-203.319901
  20
1451.359741
  0
POINT
  8
3
  10
-212.997650
  20
1442.625977
  0
POINT
  8
3
  10
-222.201202
  20
1433.439331
  0
POINT
  8
3
  10
-230.763489
  20
1423.488525
  0
POINT
  8
3
  10
-238.878494
  20
1413.161133
  0
POINT
  8
3
  10
-246.863251
  20
1402.704590
  0
POINT
  8
3
  10
-254.437698
  20
1391.972046
  0
POINT
  8
3
  10
-261.558777
  20
1380.862183
  0
POINT
  8
3
  10
-266.268005
  20
1372.569580
  0
POINT
  8
3
  10
-267.755737
  20
1369.625488
  0
POINT
  8
3
  10
-272.683472
  20
1357.565063
  0
POINT
  8
3
  10
-277.200989
  20
1345.305908
  0
POINT
  8
3
  10
-281.973267
  20
1333.141357
  0
POINT
  8
3
  10
-287.321289
  20
1321.256470
  0
POINT
  8
3
  10
-293.697021
  20
1309.798706
  0
POINT
  8
3
  10
-301.320374
  20
1299.208984
  0
POINT
  8
3
  10
-310.517273
  20
1289.726562
  0
POINT
  8
3
  10
-321.209473
  20
1282.142456
  0
POINT
  8
3
  10
-333.233093
  20
1277.255005
  0
POINT
  8
3
  10
-343.662903
  20
1225.934326
  0
POINT
  8
3
  10
-341.326782
  20
1176.666504
  0
POINT
  8
3
  10
-339.392151
  20
1127.083008
  0
POINT
  8
4
  10
-266.268372
  20
1372.568726
  30
7.000000
  39
0.000000
  50
331.260620
  0
TEXT
  8
15
  10
-213.604752
  20
1160.788818
  40
11.328125
  50
90.001907
  999
11.000000
  1000
3
  1
Body_Front_3
  7
STANDARD
  0
POLYLINE
  8
87
  66
1
  70
1
  250
2
  0
VERTEX
  8
87
  10
-94.953163
  20
1419.754639
  0
VERTEX
  8
87
  10
-98.975037
  20
1419.662231
  0
VERTEX
  8
87
  10
-102.993919
  20
1419.673950
  0
VERTEX
  8
87
  10
-107.009605
  20
1419.842773
  0
VERTEX
  8
87
  10
-109.641388
  20
1420.061401
  0
VERTEX
  8
87
  10
-112.265579
  20
1420.370605
  0
VERTEX
  8
87
  10
-114.878273
  20
1420.772095
  0
VERTEX
  8
87
  10
-117.475540
  20
1421.266846
  0
VERTEX
  8
87
  10
-120.053467
  20
1421.856445
  0
VERTEX
  8
87
  10
-122.608139
  20
1422.542114
  0
VERTEX
  8
87
  10
-125.086411
  20
1423.308350
  0
VERTEX
  8
87
  10
-127.533638
  20
1424.165771
  0
VERTEX
  8
87
  10
-129.946991
  20
1425.112793
  0
VERTEX
  8
87
  10
-132.323700
  20
1426.147705
  0
VERTEX
  8
87
  10
-134.660919
  20
1427.268921
  0
VERTEX
  8
87
  10
-136.955856
  20
1428.474976
  0
VERTEX
  8
87
  10
-139.170944
  20
1429.742554
  0
VERTEX
  8
87
  10
-141.340469
  20
1431.085205
  0
VERTEX
  8
87
  10
-143.464554
  20
1432.498413
  0
VERTEX
  8
87
  10
-145.543365
  20
1433.977783
  0
VERTEX
  8
87
  10
-147.577057
  20
1435.519043
  0
VERTEX
  8
87
  10
-149.565735
  20
1437.117554
  0
VERTEX
  8
87
  10
-151.867981
  20
1439.083374
  0
VERTEX
  8
87
  10
-154.107925
  20
1441.117310
  0
VERTEX
  8
87
  10
-156.289246
  20
1443.214478
  0
VERTEX
  8
87
  10
-158.415619
  20
1445.369995
  0
VERTEX
  8
87
  10
-160.490662
  20
1447.579102
  0
VERTEX
  8
87
  10
-162.498505
  20
1449.819336
  0
VERTEX
  8
87
  10
-164.446793
  20
1452.109619
  0
VERTEX
  8
87
  10
-166.325485
  20
1454.453979
  0
VERTEX
  8
87
  10
-168.124542
  20
1456.856323
  0
VERTEX
  8
87
  10
-169.833908
  20
1459.320801
  0
VERTEX
  8
87
  10
-171.822815
  20
1462.463623
  0
VERTEX
  8
87
  10
-173.694122
  20
1465.680786
  0
VERTEX
  8
87
  10
-175.487671
  20
1468.947876
  0
VERTEX
  8
87
  10
-177.243301
  20
1472.240723
  0
VERTEX
  8
87
  10
-182.879730
  20
1467.978271
  0
VERTEX
  8
87
  10
-188.086975
  20
1463.937378
  0
VERTEX
  8
87
  10
-193.234375
  20
1459.820312
  0
VERTEX
  8
87
  10
-198.312073
  20
1455.631470
  0
VERTEX
  8
87
  10
-203.319901
  20
1451.359741
  0
VERTEX
  8
87
  10
-208.201843
  20
1447.041260
  0
VERTEX
  8
87
  10
-212.997650
  20
1442.625977
  0
VERTEX
  8
87
  10
-216.132294
  20
1439.629395
  0
VERTEX
  8
87
  10
-219.205521
  20
1436.572632
  0
VERTEX
  8
87
  10
-222.201202
  20
1433.439331
  0
VERTEX
  8
87
  10
-225.133087
  20
1430.190430
  0
VERTEX
  8
87
  10
-227.981323
  20
1426.868408
  0
VERTEX
  8
87
  10
-230.763489
  20
1423.488525
  0
VERTEX
  8
87
  10
-238.878494
  20
1413.161133
  0
VERTEX
  8
87
  10
-246.863251
  20
1402.704590
  0
VERTEX
  8
87
  10
-250.708679
  20
1397.379761
  0
VERTEX
  8
87
  10
-254.437698
  20
1391.972046
  0
VERTEX
  8
87
  10
-258.067719
  20
1386.461548
  0
VERTEX
  8
87
  10
-261.558777
  20
1380.862183
  0
VERTEX
  8
87
  10
-263.975037
  20
1376.750610
  0
VERTEX
  8
87
  10
-266.268005
  20
1372.569580
  0
VERTEX
  8
87
  10
-267.755737
  20
1369.625488
  0
VERTEX
  8
87
  10
-269.535889
  20
1365.665527
  0
VERTEX
  8
87
  10
-271.154694
  20
1361.634766
  0
VERTEX
  8
87
  10
-272.683472
  20
1357.565063
  0
VERTEX
  8
87
  10
-277.200989
  20
1345.305908
  0
VERTEX
  8
87
  10
-279.534180
  20
1339.203491
  0
VERTEX
  8
87
  10
-281.973267
  20
1333.141357
  0
VERTEX
  8
87
  10
-283.671661
  20
1329.141357
  0
VERTEX
  8
87
  10
-285.448120
  20
1325.177246
  0
VERTEX
  8
87
  10
-287.321289
  20
1321.256470
  0
VERTEX
  8
87
  10
-289.318726
  20
1317.366699
  0
VERTEX
  8
87
  10
-291.440063
  20
1313.544312
  0
VERTEX
  8
87
  10
-293.697021
  20
1309.798706
  0
VERTEX
  8
87
  10
-295.475250
  20
1307.060791
  0
VERTEX
  8
87
  10
-297.336243
  20
1304.379761
  0
VERTEX
  8
87
  10
-299.283478
  20
1301.760620
  0
VERTEX
  8
87
  10
-301.320374
  20
1299.208984
  0
VERTEX
  8
87
  10
-303.475586
  20
1296.701904
  0
VERTEX
  8
87
  10
-305.725372
  20
1294.280396
  0
VERTEX
  8
87
  10
-308.071838
  20
1291.952637
  0
VERTEX
  8
87
  10
-310.517273
  20
1289.726562
  0
VERTEX
  8
87
  10
-312.529480
  20
1288.038452
  0
VERTEX
  8
87
  10
-314.604065
  20
1286.428711
  0
VERTEX
  8
87
  10
-316.741760
  20
1284.904541
  0
VERTEX
  8
87
  10
-318.943298
  20
1283.473389
  0
VERTEX
  8
87
  10
-321.209473
  20
1282.142456
  0
VERTEX
  8
87
  10
-323.515350
  20
1280.931274
  0
VERTEX
  8
87
  10
-325.876831
  20
1279.832153
  0
VERTEX
  8
87
  10
-328.287720
  20
1278.849976
  0
VERTEX
  8
87
  10
-330.741882
  20
1277.989258
  0
VERTEX
  8
87
  10
-333.233093
  20
1277.255005
  0
VERTEX
  8
87
  10
-336.563782
  20
1276.477783
  0
VERTEX
  8
87
  10
-339.932190
  20
1275.873535
  0
VERTEX
  8
87
  10
-343.326447
  20
1275.384155
  0
VERTEX
  8
87
  10
-346.734619
  20
1274.951538
  0
VERTEX
  8
87
  10
-345.925659
  20
1262.697266
  0
VERTEX
  8
87
  10
-345.133301
  20
1250.446655
  0
VERTEX
  8
87
  10
-344.373657
  20
1238.194092
  0
VERTEX
  8
87
  10
-343.662903
  20
1225.934326
  0
VERTEX
  8
87
  10
-343.136047
  20
1216.081665
  0
VERTEX
  8
87
  10
-342.645386
  20
1206.230347
  0
VERTEX
  8
87
  10
-342.184509
  20
1196.378662
  0
VERTEX
  8
87
  10
-341.747101
  20
1186.524658
  0
VERTEX
  8
87
  10
-341.326782
  20
1176.666504
  0
VERTEX
  8
87
  10
-340.648865
  20
1160.138062
  0
VERTEX
  8
87
  10
-340.003662
  20
1143.613770
  0
VERTEX
  8
87
  10
-339.392151
  20
1127.083008
  0
VERTEX
  8
87
  10
-337.715057
  20
1077.432861
  0
VERTEX
  8
87
  10
-341.514587
  20
917.569336
  0
VERTEX
  8
87
  10
-90.595589
  20
917.579895
  0
VERTEX
  8
87
  10
-90.928520
  20
1419.898682
  0
SEQEND
  0
POLYLINE
  8
8
  66
1
  70
0
  250
0
  0
VERTEX
  8
8
  10
-90.923744
  20
1274.959229
  0
VERTEX
  8
8
  10
-346.733704
  20
1274.950806
  0
SEQEND
  0
TEXT
  8
8
  10
-90.923744
  20
1274.959229
  40
0.250000
  50
0.000000
  1
# -1
  7
STANDARD
  0
TEXT
  8
8
  10
-346.733704
  20
1274.950806
  40
0.250000
  50
0.000000
  1
# -1
  7
STANDARD
  0
POINT
  8
2
  10
-90.923744
  20
1274.959229
  0
POINT
  8
2
  10
-346.733704
  20
1274.950806
  0
POLYLINE
  8
85
  66
1
  70
0
  250
1
  0
VERTEX
  8
85
  10
-346.733704
  20
1274.950806
  0
SEQEND
  0
POLYLINE
  8
8
  66
1
  70
0
  250
0
  0
VERTEX
  8
8
  10
-90.917717
  20
1077.441162
  0
VERTEX
  8
8
  10
-337.715149
  20
1077.434082
  0
SEQEND
  0
TEXT
  8
8
  10
-90.917717
  20
1077.441162
  40
0.250000
  50
0.000000
  1
# -1
  7
STANDARD
  0
TEXT
  8
8
  10
-337.715149
  20
1077.434082
  40
0.250000
  50
0.000000
  1
# -1
  7
STANDARD
  0
POINT
  8
2
  10
-90.917717
  20
1077.441162
  0
POINT
  8
2
  10
-337.715149
  20
1077.434082
  0
POLYLINE
  8
85
  66
1
  70
0
  250
1
  0
VERTEX
  8
85
  10
-337.715149
  20
1077.434082
  0
SEQEND
  0
POLYLINE
  8
8
  66
1
  70
0
  250
0
  0
VERTEX
  8
8
  10
-90.919502
  20
1133.375000
  0
VERTEX
  8
8
  10
-98.418663
  20
1131.366821
  0
VERTEX
  8
8
  10
-103.909081
  20
1125.876465
  0
VERTEX
  8
8
  10
-105.918716
  20
1118.376099
  0
VERTEX
  8
8
  10
-103.909142
  20
1110.876465
  0
VERTEX
  8
8
  10
-98.418770
  20
1105.385376
  0
VERTEX
  8
8
  10
-90.918518
  20
1103.375977
  0
SEQEND
  0
TEXT
  8
8
  10
-90.919502
  20
1133.375000
  40
0.250000
  50
0.000000
  1
# -1
  7
STANDARD
  0
TEXT
  8
8
  10
-98.418663
  20
1131.366821
  40
0.250000
  50
0.000000
  1
# -1
  7
STANDARD
  0
TEXT
  8
8
  10
-103.909081
  20
1125.876465
  40
0.250000
  50
0.000000
  1
# -1
  7
STANDARD
  0
TEXT
  8
8
  10
-105.918716
  20
1118.376099
  40
0.250000
  50
0.000000
  1
# -1
  7
STANDARD
  0
TEXT
  8
8
  10
-103.909142
  20
1110.876465
  40
0.250000
  50
0.000000
  1
# -1
  7
STANDARD
  0
TEXT
  8
8
  10
-98.418770
  20
1105.385376
  40
0.250000
  50
0.000000
  1
# -1
  7
STANDARD
  0
TEXT
  8
8
  10
-90.918518
  20
1103.375977
  40
0.250000
  50
0.000000
  1
# -1
  7
STANDARD
  0
POINT
  8
2
  10
-90.919502
  20
1133.375000
  0
POINT
  8
2
  10
-90.918518
  20
1103.375977
  0
POINT
  8
3
  10
-98.418663
  20
1131.366821
  0
POINT
  8
3
  10
-103.909081
  20
1125.876465
  0
POINT
  8
3
  10
-105.918716
  20
1118.376099
  0
POINT
  8
3
  10
-103.909142
  20
1110.876465
  0
POINT
  8
3
  10
-98.418770
  20
1105.385376
  0
POLYLINE
  8
85
  66
1
  70
0
  250
1
  0
VERTEX
  8
85
  10
-92.876541
  20
1133.058960
  0
VERTEX
  8
85
  10
-94.800568
  20
1132.668823
  0
VERTEX
  8
85
  10
-96.658852
  20
1132.129761
  0
VERTEX
  8
85
  10
-98.418663
  20
1131.366821
  0
VERTEX
  8
85
  10
-99.734413
  20
1130.555664
  0
VERTEX
  8
85
  10
-100.953583
  20
1129.577759
  0
VERTEX
  8
85
  10
-102.063927
  20
1128.456299
  0
VERTEX
  8
85
  10
-103.053177
  20
1127.214844
  0
VERTEX
  8
85
  10
-103.909081
  20
1125.876465
  0
VERTEX
  8
85
  10
-104.620590
  20
1124.463623
  0
VERTEX
  8
85
  10
-105.181808
  20
1122.992798
  0
VERTEX
  8
85
  10
-105.588226
  20
1121.478394
  0
VERTEX
  8
85
  10
-105.835365
  20
1119.934692
  0
VERTEX
  8
85
  10
-105.918716
  20
1118.376099
  0
VERTEX
  8
85
  10
-105.835312
  20
1116.817627
  0
VERTEX
  8
85
  10
-105.588150
  20
1115.274048
  0
VERTEX
  8
85
  10
-105.181732
  20
1113.759766
  0
VERTEX
  8
85
  10
-104.620567
  20
1112.289185
  0
VERTEX
  8
85
  10
-103.909142
  20
1110.876465
  0
VERTEX
  8
85
  10
-103.053253
  20
1109.537964
  0
VERTEX
  8
85
  10
-102.064011
  20
1108.296265
  0
VERTEX
  8
85
  10
-100.953682
  20
1107.174805
  0
VERTEX
  8
85
  10
-99.734512
  20
1106.196655
  0
VERTEX
  8
85
  10
-98.418770
  20
1105.385376
  0
VERTEX
  8
85
  10
-96.658730
  20
1104.622192
  0
VERTEX
  8
85
  10
-94.800179
  20
1104.082764
  0
VERTEX
  8
85
  10
-92.875862
  20
1103.692383
  0
VERTEX
  8
85
  10
-90.918518
  20
1103.375977
  0
SEQEND
  0
POLYLINE
  8
8
  66
1
  70
0
  250
0
  0
VERTEX
  8
8
  10
-90.919151
  20
1125.863525
  0
VERTEX
  8
8
  10
-96.223137
  20
1123.703613
  0
VERTEX
  8
8
  10
-98.418716
  20
1118.374390
  0
VERTEX
  8
8
  10
-96.220230
  20
1113.046875
  0
VERTEX
  8
8
  10
-90.918747
  20
1110.876221
  0
SEQEND
  0
TEXT
  8
8
  10
-90.919151
  20
1125.863525
  40
0.250000
  50
0.000000
  1
# -1
  7
STANDARD
  0
TEXT
  8
8
  10
-90.918747
  20
1110.876221
  40
0.250000
  50
0.000000
  1
# -1
  7
STANDARD
  0
POINT
  8
2
  10
-90.919151
  20
1125.863525
  0
POINT
  8
2
  10
-90.918747
  20
1110.876221
  0
POINT
  8
3
  10
-96.223137
  20
1123.703613
  0
POINT
  8
3
  10
-98.418716
  20
1118.374390
  0
POINT
  8
3
  10
-96.220230
  20
1113.046875
  0
POLYLINE
  8
85
  66
1
  70
0
  250
1
  0
VERTEX
  8
85
  10
-92.858566
  20
1125.375000
  0
VERTEX
  8
85
  10
-94.669411
  20
1124.713135
  0
VERTEX
  8
85
  10
-96.223137
  20
1123.703613
  0
VERTEX
  8
85
  10
-97.153236
  20
1122.630615
  0
VERTEX
  8
85
  10
-97.842949
  20
1121.335449
  0
VERTEX
  8
85
  10
-98.271652
  20
1119.891968
  0
VERTEX
  8
85
  10
-98.418716
  20
1118.374390
  0
VERTEX
  8
85
  10
-98.270439
  20
1116.857300
  0
VERTEX
  8
85
  10
-97.840729
  20
1115.414673
  0
VERTEX
  8
85
  10
-97.150398
  20
1114.119995
  0
VERTEX
  8
85
  10
-96.220230
  20
1113.046875
  0
VERTEX
  8
85
  10
-94.666786
  20
1112.034790
  0
VERTEX
  8
85
  10
-92.856888
  20
1111.369263
  0
VERTEX
  8
85
  10
-90.918747
  20
1110.876221
  0
SEQEND
  0
TEXT
  8
1
  10
-219.040863
  20
1198.106689
  50
0.000000
  1
PIECE NAME: Body_Front_3
  7
STANDARD
  0
TEXT
  8
1
  10
-219.040863
  20
1193.106689
  50
0.000000
  1
SIZE: M
  7
STANDARD
  0
TEXT
  8
1
  10
-219.040863
  20
1183.106689
  50
0.000000
  1
QUANTITY: 1
  7
STANDARD
  0
ENDBLK
  0
BLOCK
  8
1
  2
Body_Front_4_M
  70
64
  10
0
  20
0
  0
POLYLINE
  8
1
  66
1
  70
1
  250
0
  0
VERTEX
  8
1
  10
47.492882
  20
1439.387817
  0
VERTEX
  8
1
  10
64.582947
  20
1438.776123
  0
VERTEX
  8
1
  10
73.190445
  20
1438.733643
  0
VERTEX
  8
1
  10
81.751480
  20
1439.578369
  0
VERTEX
  8
1
  10
90.108231
  20
1441.614990
  0
VERTEX
  8
1
  10
98.068604
  20
1444.873047
  0
VERTEX
  8
1
  10
105.470947
  20
1449.255127
  0
VERTEX
  8
1
  10
112.264343
  20
1454.535645
  0
VERTEX
  8
1
  10
118.492325
  20
1460.475342
  0
VERTEX
  8
1
  10
124.218513
  20
1466.900879
  0
VERTEX
  8
1
  10
129.277802
  20
1473.860107
  0
VERTEX
  8
1
  10
133.573395
  20
1481.318604
  0
VERTEX
  8
1
  10
142.292297
  20
1497.671387
  0
VERTEX
  8
1
  10
159.856903
  20
1484.388428
  0
VERTEX
  8
1
  10
170.627014
  20
1475.899658
  0
VERTEX
  8
1
  10
181.127975
  20
1467.080566
  0
VERTEX
  8
1
  10
191.297516
  20
1457.881348
  0
VERTEX
  8
1
  10
200.981369
  20
1448.174805
  0
VERTEX
  8
1
  10
209.916611
  20
1437.774658
  0
VERTEX
  8
1
  10
218.176346
  20
1427.262939
  0
VERTEX
  8
1
  10
226.314423
  20
1416.605591
  0
VERTEX
  8
1
  10
231.729645
  20
1409.047974
  0
VERTEX
  8
1
  10
236.916977
  20
1401.333008
  0
VERTEX
  8
1
  10
241.864700
  20
1393.461060
  0
VERTEX
  8
1
  10
246.479752
  20
1385.390991
  0
VERTEX
  8
1
  10
246.860291
  20
1384.629028
  0
VERTEX
  8
1
  10
250.457748
  20
1376.990356
  0
VERTEX
  8
1
  10
253.838455
  20
1368.329956
  0
VERTEX
  8
1
  10
258.346313
  20
1356.096802
  0
VERTEX
  8
1
  10
262.052002
  20
1346.550415
  0
VERTEX
  8
1
  10
266.091064
  20
1337.140625
  0
VERTEX
  8
1
  10
270.693115
  20
1327.994385
  0
VERTEX
  8
1
  10
276.080109
  20
1319.289551
  0
VERTEX
  8
1
  10
282.417572
  20
1311.253296
  0
VERTEX
  8
1
  10
289.826660
  20
1304.198486
  0
VERTEX
  8
1
  10
298.406372
  20
1298.643311
  0
VERTEX
  8
1
  10
302.202271
  20
1296.997070
  0
VERTEX
  8
1
  10
306.149292
  20
1295.756958
  0
VERTEX
  8
1
  10
310.199158
  20
1294.907227
  0
VERTEX
  8
1
  10
314.292511
  20
1294.295654
  0
VERTEX
  8
1
  10
329.450317
  20
1292.371582
  0
VERTEX
  8
1
  10
327.854156
  20
1268.194458
  0
VERTEX
  8
1
  10
327.063446
  20
1255.968750
  0
VERTEX
  8
1
  10
326.306488
  20
1243.760010
  0
VERTEX
  8
1
  10
325.598969
  20
1231.555420
  0
VERTEX
  8
1
  10
324.352142
  20
1207.011963
  0
VERTEX
  8
1
  10
323.271271
  20
1182.460815
  0
VERTEX
  8
1
  10
322.594513
  20
1165.959473
  0
VERTEX
  8
1
  10
321.949890
  20
1149.452271
  0
VERTEX
  8
1
  10
321.339844
  20
1132.958008
  0
VERTEX
  8
1
  10
319.675812
  20
1083.696289
  0
VERTEX
  8
1
  10
323.775665
  20
911.195557
  0
VERTEX
  8
1
  10
47.142815
  20
911.207153
  0
SEQEND
  0
POINT
  8
2
  10
47.492882
  20
1439.387817
  0
POINT
  8
2
  10
64.582947
  20
1438.776123
  0
POINT
  8
2
  10
133.573395
  20
1481.318604
  0
POINT
  8
2
  10
142.292297
  20
1497.671387
  0
POINT
  8
2
  10
159.856903
  20
1484.388428
  0
POINT
  8
2
  10
314.292511
  20
1294.295654
  0
POINT
  8
2
  10
329.450317
  20
1292.371582
  0
POINT
  8
2
  10
327.854156
  20
1268.194458
  0
POINT
  8
2
  10
321.339844
  20
1132.958008
  0
POINT
  8
2
  10
319.675812
  20
1083.696289
  0
POINT
  8
2
  10
323.775665
  20
911.195557
  0
POINT
  8
2
  10
47.142815
  20
911.207153
  0
POINT
  8
3
  10
73.190445
  20
1438.733643
  0
POINT
  8
3
  10
81.751480
  20
1439.578369
  0
POINT
  8
3
  10
90.108231
  20
1441.614990
  0
POINT
  8
3
  10
98.068604
  20
1444.873047
  0
POINT
  8
3
  10
105.470947
  20
1449.255127
  0
POINT
  8
3
  10
112.264343
  20
1454.535645
  0
POINT
  8
3
  10
118.492325
  20
1460.475342
  0
POINT
  8
3
  10
124.218513
  20
1466.900879
  0
POINT
  8
3
  10
129.277802
  20
1473.860107
  0
POINT
  8
3
  10
170.627014
  20
1475.899658
  0
POINT
  8
3
  10
181.127975
  20
1467.080566
  0
POINT
  8
3
  10
191.297516
  20
1457.881348
  0
POINT
  8
3
  10
200.981369
  20
1448.174805
  0
POINT
  8
3
  10
209.916611
  20
1437.774658
  0
POINT
  8
3
  10
218.176346
  20
1427.262939
  0
POINT
  8
3
  10
226.314423
  20
1416.605591
  0
POINT
  8
3
  10
231.729645
  20
1409.047974
  0
POINT
  8
3
  10
236.916977
  20
1401.333008
  0
POINT
  8
3
  10
241.864700
  20
1393.461060
  0
POINT
  8
3
  10
246.479752
  20
1385.390991
  0
POINT
  8
3
  10
246.860291
  20
1384.629028
  0
POINT
  8
3
  10
250.457748
  20
1376.990356
  0
POINT
  8
3
  10
253.838455
  20
1368.329956
  0
POINT
  8
3
  10
258.346313
  20
1356.096802
  0
POINT
  8
3
  10
262.052002
  20
1346.550415
  0
POINT
  8
3
  10
266.091064
  20
1337.140625
  0
POINT
  8
3
  10
270.693115
  20
1327.994385
  0
POINT
  8
3
  10
276.080109
  20
1319.289551
  0
POINT
  8
3
  10
282.417572
  20
1311.253296
  0
POINT
  8
3
  10
289.826660
  20
1304.198486
  0
POINT
  8
3
  10
298.406372
  20
1298.643311
  0
POINT
  8
3
  10
302.202271
  20
1296.997070
  0
POINT
  8
3
  10
306.149292
  20
1295.756958
  0
POINT
  8
3
  10
310.199158
  20
1294.907227
  0
POINT
  8
3
  10
327.063446
  20
1255.968750
  0
POINT
  8
3
  10
326.306488
  20
1243.760010
  0
POINT
  8
3
  10
325.598969
  20
1231.555420
  0
POINT
  8
3
  10
324.352142
  20
1207.011963
  0
POINT
  8
3
  10
323.271271
  20
1182.460815
  0
POINT
  8
3
  10
322.594513
  20
1165.959473
  0
POINT
  8
3
  10
321.949890
  20
1149.452271
  0
POINT
  8
4
  10
246.860291
  20
1384.629028
  30
7.000000
  39
0.000000
  50
208.533295
  0
POLYLINE
  8
84
  66
1
  70
1
  250
1
  0
VERTEX
  8
84
  10
64.582947
  20
1438.776123
  0
VERTEX
  8
84
  10
73.190445
  20
1438.733643
  0
VERTEX
  8
84
  10
77.484329
  20
1439.015503
  0
VERTEX
  8
84
  10
81.751480
  20
1439.578369
  0
VERTEX
  8
84
  10
84.569504
  20
1440.120728
  0
VERTEX
  8
84
  10
87.356949
  20
1440.799194
  0
VERTEX
  8
84
  10
90.108231
  20
1441.614990
  0
VERTEX
  8
84
  10
92.815323
  20
1442.567749
  0
VERTEX
  8
84
  10
95.470512
  20
1443.654541
  0
VERTEX
  8
84
  10
98.068604
  20
1444.873047
  0
VERTEX
  8
84
  10
101.845261
  20
1446.936035
  0
VERTEX
  8
84
  10
105.470947
  20
1449.255127
  0
VERTEX
  8
84
  10
108.943108
  20
1451.798462
  0
VERTEX
  8
84
  10
112.264343
  20
1454.535645
  0
VERTEX
  8
84
  10
115.442734
  20
1457.437744
  0
VERTEX
  8
84
  10
118.492325
  20
1460.475342
  0
VERTEX
  8
84
  10
121.423363
  20
1463.627319
  0
VERTEX
  8
84
  10
124.218513
  20
1466.900879
  0
VERTEX
  8
84
  10
126.849838
  20
1470.308350
  0
VERTEX
  8
84
  10
129.277802
  20
1473.860107
  0
VERTEX
  8
84
  10
131.487411
  20
1477.551270
  0
VERTEX
  8
84
  10
133.573395
  20
1481.318604
  0
VERTEX
  8
84
  10
142.292297
  20
1497.671387
  0
VERTEX
  8
84
  10
159.856903
  20
1484.388428
  0
VERTEX
  8
84
  10
170.627014
  20
1475.899658
  0
VERTEX
  8
84
  10
175.917206
  20
1471.537598
  0
VERTEX
  8
84
  10
181.127975
  20
1467.080566
  0
VERTEX
  8
84
  10
186.258667
  20
1462.532104
  0
VERTEX
  8
84
  10
191.297516
  20
1457.881348
  0
VERTEX
  8
84
  10
194.596329
  20
1454.715332
  0
VERTEX
  8
84
  10
197.829407
  20
1451.484985
  0
VERTEX
  8
84
  10
200.981369
  20
1448.174805
  0
VERTEX
  8
84
  10
204.039276
  20
1444.777344
  0
VERTEX
  8
84
  10
207.011917
  20
1441.305664
  0
VERTEX
  8
84
  10
209.916611
  20
1437.774658
  0
VERTEX
  8
84
  10
218.176346
  20
1427.262939
  0
VERTEX
  8
84
  10
226.314423
  20
1416.605591
  0
VERTEX
  8
84
  10
231.729645
  20
1409.047974
  0
VERTEX
  8
84
  10
236.916977
  20
1401.333008
  0
VERTEX
  8
84
  10
241.864700
  20
1393.461060
  0
VERTEX
  8
84
  10
244.233246
  20
1389.460449
  0
VERTEX
  8
84
  10
246.479752
  20
1385.390991
  0
VERTEX
  8
84
  10
248.556717
  20
1381.232422
  0
VERTEX
  8
84
  10
250.457748
  20
1376.990356
  0
VERTEX
  8
84
  10
253.838455
  20
1368.329956
  0
VERTEX
  8
84
  10
258.346313
  20
1356.096802
  0
VERTEX
  8
84
  10
262.052002
  20
1346.550415
  0
VERTEX
  8
84
  10
264.016541
  20
1341.821777
  0
VERTEX
  8
84
  10
266.091064
  20
1337.140625
  0
VERTEX
  8
84
  10
268.306763
  20
1332.524536
  0
VERTEX
  8
84
  10
270.693115
  20
1327.994385
  0
VERTEX
  8
84
  10
273.276672
  20
1323.573975
  0
VERTEX
  8
84
  10
276.080109
  20
1319.289551
  0
VERTEX
  8
84
  10
278.080750
  20
1316.523315
  0
VERTEX
  8
84
  10
280.191467
  20
1313.841431
  0
VERTEX
  8
84
  10
282.417572
  20
1311.253296
  0
VERTEX
  8
84
  10
284.761536
  20
1308.772461
  0
VERTEX
  8
84
  10
287.228821
  20
1306.415405
  0
VERTEX
  8
84
  10
289.826660
  20
1304.198486
  0
VERTEX
  8
84
  10
291.861145
  20
1302.641235
  0
VERTEX
  8
84
  10
293.969574
  20
1301.187256
  0
VERTEX
  8
84
  10
296.151489
  20
1299.850220
  0
VERTEX
  8
84
  10
298.406372
  20
1298.643311
  0
VERTEX
  8
84
  10
302.202271
  20
1296.997070
  0
VERTEX
  8
84
  10
306.149292
  20
1295.756958
  0
VERTEX
  8
84
  10
310.199158
  20
1294.907227
  0
VERTEX
  8
84
  10
314.292511
  20
1294.295654
  0
VERTEX
  8
84
  10
329.450317
  20
1292.371582
  0
VERTEX
  8
84
  10
327.854156
  20
1268.194458
  0
VERTEX
  8
84
  10
327.063446
  20
1255.968750
  0
VERTEX
  8
84
  10
326.306488
  20
1243.760010
  0
VERTEX
  8
84
  10
325.598969
  20
1231.555420
  0
VERTEX
  8
84
  10
324.948730
  20
1219.285034
  0
VERTEX
  8
84
  10
324.352142
  20
1207.011963
  0
VERTEX
  8
84
  10
323.271271
  20
1182.460815
  0
VERTEX
  8
84
  10
322.594513
  20
1165.959473
  0
VERTEX
  8
84
  10
321.949890
  20
1149.452271
  0
VERTEX
  8
84
  10
321.339844
  20
1132.958008
  0
VERTEX
  8
84
  10
319.675812
  20
1083.696289
  0
VERTEX
  8
84
  10
323.775665
  20
911.195557
  0
VERTEX
  8
84
  10
47.142815
  20
911.207153
  0
VERTEX
  8
84
  10
47.492882
  20
1439.387817
  0
SEQEND
  0
LINE
  8
7
  10
187.918167
  20
1111.231812
  11
187.923294
  21
1291.231812
  0
POLYLINE
  8
14
  66
1
  70
1
  250
2
  0
VERTEX
  8
14
  10
60.184162
  20
1426.225464
  0
VERTEX
  8
14
  10
76.265251
  20
1426.169556
  0
VERTEX
  8
14
  10
91.863785
  20
1428.868896
  0
VERTEX
  8
14
  10
106.211502
  20
1434.801758
  0
VERTEX
  8
14
  10
118.821381
  20
1443.444336
  0
VERTEX
  8
14
  10
129.746307
  20
1453.906006
  0
VERTEX
  8
14
  10
139.089554
  20
1465.647583
  0
VERTEX
  8
14
  10
146.498947
  20
1478.567505
  0
VERTEX
  8
14
  10
152.135376
  20
1474.305054
  0
VERTEX
  8
14
  10
162.490021
  20
1466.147095
  0
VERTEX
  8
14
  10
172.575546
  20
1457.686523
  0
VERTEX
  8
14
  10
182.253296
  20
1448.952759
  0
VERTEX
  8
14
  10
191.456848
  20
1439.766113
  0
VERTEX
  8
14
  10
200.019135
  20
1429.815308
  0
VERTEX
  8
14
  10
208.134140
  20
1419.487915
  0
VERTEX
  8
14
  10
216.118896
  20
1409.031250
  0
VERTEX
  8
14
  10
223.693344
  20
1398.298828
  0
VERTEX
  8
14
  10
230.814438
  20
1387.188965
  0
VERTEX
  8
14
  10
235.523621
  20
1378.896240
  0
VERTEX
  8
14
  10
237.011368
  20
1375.952271
  0
VERTEX
  8
14
  10
241.939102
  20
1363.891846
  0
VERTEX
  8
14
  10
246.456619
  20
1351.632568
  0
VERTEX
  8
14
  10
251.228928
  20
1339.468140
  0
VERTEX
  8
14
  10
256.576904
  20
1327.583252
  0
VERTEX
  8
14
  10
262.952637
  20
1316.125488
  0
VERTEX
  8
14
  10
270.576050
  20
1305.535767
  0
VERTEX
  8
14
  10
279.772949
  20
1296.053345
  0
VERTEX
  8
14
  10
290.465149
  20
1288.469238
  0
VERTEX
  8
14
  10
302.488708
  20
1283.581787
  0
VERTEX
  8
14
  10
315.990234
  20
1281.278320
  0
VERTEX
  8
14
  10
312.918549
  20
1232.261108
  0
VERTEX
  8
14
  10
310.582458
  20
1182.993286
  0
VERTEX
  8
14
  10
308.647827
  20
1133.409790
  0
VERTEX
  8
14
  10
306.970703
  20
1083.759644
  0
VERTEX
  8
14
  10
310.770203
  20
923.896118
  0
VERTEX
  8
14
  10
59.851231
  20
923.906677
  0
SEQEND
  0
TEXT
  8
14
  10
60.184162
  20
1426.225464
  40
0.250000
  50
0.000000
  1
# -1
  7
STANDARD
  0
TEXT
  8
14
  10
76.265251
  20
1426.169556
  40
0.250000
  50
0.000000
  1
# -1
  7
STANDARD
  0
TEXT
  8
14
  10
91.863785
  20
1428.868896
  40
0.250000
  50
0.000000
  1
# -1
  7
STANDARD
  0
TEXT
  8
14
  10
106.211502
  20
1434.801758
  40
0.250000
  50
0.000000
  1
# -1
  7
STANDARD
  0
TEXT
  8
14
  10
118.821381
  20
1443.444336
  40
0.250000
  50
0.000000
  1
# -1
  7
STANDARD
  0
TEXT
  8
14
  10
129.746307
  20
1453.906006
  40
0.250000
  50
0.000000
  1
# -1
  7
STANDARD
  0
TEXT
  8
14
  10
139.089554
  20
1465.647583
  40
0.250000
  50
0.000000
  1
# -1
  7
STANDARD
  0
TEXT
  8
14
  10
146.498947
  20
1478.567505
  40
0.250000
  50
0.000000
  1
# -1
  7
STANDARD
  0
TEXT
  8
14
  10
152.135376
  20
1474.305054
  40
0.250000
  50
0.000000
  1
# -1
  7
STANDARD
  0
TEXT
  8
14
  10
162.490021
  20
1466.147095
  40
0.250000
  50
0.000000
  1
# -1
  7
STANDARD
  0
TEXT
  8
14
  10
172.575546
  20
1457.686523
  40
0.250000
  50
0.000000
  1
# -1
  7
STANDARD
  0
TEXT
  8
14
  10
182.253296
  20
1448.952759
  40
0.250000
  50
0.000000
  1
# -1
  7
STANDARD
  0
TEXT
  8
14
  10
191.456848
  20
1439.766113
  40
0.250000
  50
0.000000
  1
# -1
  7
STANDARD
  0
TEXT
  8
14
  10
200.019135
  20
1429.815308
  40
0.250000
  50
0.000000
  1
# -1
  7
STANDARD
  0
TEXT
  8
14
  10
208.134140
  20
1419.487915
  40
0.250000
  50
0.000000
  1
# -1
  7
STANDARD
  0
TEXT
  8
14
  10
216.118896
  20
1409.031250
  40
0.250000
  50
0.000000
  1
# -1
  7
STANDARD
  0
TEXT
  8
14
  10
223.693344
  20
1398.298828
  40
0.250000
  50
0.000000
  1
# -1
  7
STANDARD
  0
TEXT
  8
14
  10
230.814438
  20
1387.188965
  40
0.250000
  50
0.000000
  1
# -1
  7
STANDARD
  0
TEXT
  8
14
  10
237.011368
  20
1375.952271
  40
0.250000
  50
0.000000
  1
# -1
  7
STANDARD
  0
TEXT
  8
14
  10
241.939102
  20
1363.891846
  40
0.250000
  50
0.000000
  1
# -1
  7
STANDARD
  0
TEXT
  8
14
  10
246.456619
  20
1351.632568
  40
0.250000
  50
0.000000
  1
# -1
  7
STANDARD
  0
TEXT
  8
14
  10
251.228928
  20
1339.468140
  40
0.250000
  50
0.000000
  1
# -1
  7
STANDARD
  0
TEXT
  8
14
  10
256.576904
  20
1327.583252
  40
0.250000
  50
0.000000
  1
# -1
  7
STANDARD
  0
TEXT
  8
14
  10
262.952637
  20
1316.125488
  40
0.250000
  50
0.000000
  1
# -1
  7
STANDARD
  0
TEXT
  8
14
  10
270.576050
  20
1305.535767
  40
0.250000
  50
0.000000
  1
# -1
  7
STANDARD
  0
TEXT
  8
14
  10
279.772949
  20
1296.053345
  40
0.250000
  50
0.000000
  1
# -1
  7
STANDARD
  0
TEXT
  8
14
  10
290.465149
  20
1288.469238
  40
0.250000
  50
0.000000
  1
# -1
  7
STANDARD
  0
TEXT
  8
14
  10
302.488708
  20
1283.581787
  40
0.250000
  50
0.000000
  1
# -1
  7
STANDARD
  0
TEXT
  8
14
  10
315.990234
  20
1281.278320
  40
0.250000
  50
0.000000
  1
# -1
  7
STANDARD
  0
TEXT
  8
14
  10
312.918549
  20
1232.261108
  40
0.250000
  50
0.000000
  1
# -1
  7
STANDARD
  0
TEXT
  8
14
  10
310.582458
  20
1182.993286
  40
0.250000
  50
0.000000
  1
# -1
  7
STANDARD
  0
TEXT
  8
14
  10
308.647827
  20
1133.409790
  40
0.250000
  50
0.000000
  1
# -1
  7
STANDARD
  0
TEXT
  8
14
  10
306.970703
  20
1083.759644
  40
0.250000
  50
0.000000
  1
# -1
  7
STANDARD
  0
TEXT
  8
14
  10
310.770203
  20
923.896118
  40
0.250000
  50
0.000000
  1
# -1
  7
STANDARD
  0
TEXT
  8
14
  10
59.851231
  20
923.906677
  40
0.250000
  50
0.000000
  1
# -1
  7
STANDARD
  0
POINT
  8
2
  10
60.184162
  20
1426.225464
  0
POINT
  8
2
  10
146.498947
  20
1478.567505
  0
POINT
  8
2
  10
315.990234
  20
1281.278320
  0
POINT
  8
2
  10
306.970703
  20
1083.759644
  0
POINT
  8
2
  10
310.770203
  20
923.896118
  0
POINT
  8
2
  10
59.851231
  20
923.906677
  0
POINT
  8
3
  10
76.265251
  20
1426.169556
  0
POINT
  8
3
  10
91.863785
  20
1428.868896
  0
POINT
  8
3
  10
106.211502
  20
1434.801758
  0
POINT
  8
3
  10
118.821381
  20
1443.444336
  0
POINT
  8
3
  10
129.746307
  20
1453.906006
  0
POINT
  8
3
  10
139.089554
  20
1465.647583
  0
POINT
  8
3
  10
152.135376
  20
1474.305054
  0
POINT
  8
3
  10
162.490021
  20
1466.147095
  0
POINT
  8
3
  10
172.575546
  20
1457.686523
  0
POINT
  8
3
  10
182.253296
  20
1448.952759
  0
POINT
  8
3
  10
191.456848
  20
1439.766113
  0
POINT
  8
3
  10
200.019135
  20
1429.815308
  0
POINT
  8
3
  10
208.134140
  20
1419.487915
  0
POINT
  8
3
  10
216.118896
  20
1409.031250
  0
POINT
  8
3
  10
223.693344
  20
1398.298828
  0
POINT
  8
3
  10
230.814438
  20
1387.188965
  0
POINT
  8
3
  10
235.523621
  20
1378.896240
  0
POINT
  8
3
  10
237.011368
  20
1375.952271
  0
POINT
  8
3
  10
241.939102
  20
1363.891846
  0
POINT
  8
3
  10
246.456619
  20
1351.632568
  0
POINT
  8
3
  10
251.228928
  20
1339.468140
  0
POINT
  8
3
  10
256.576904
  20
1327.583252
  0
POINT
  8
3
  10
262.952637
  20
1316.125488
  0
POINT
  8
3
  10
270.576050
  20
1305.535767
  0
POINT
  8
3
  10
279.772949
  20
1296.053345
  0
POINT
  8
3
  10
290.465149
  20
1288.469238
  0
POINT
  8
3
  10
302.488708
  20
1283.581787
  0
POINT
  8
3
  10
312.918549
  20
1232.261108
  0
POINT
  8
3
  10
310.582458
  20
1182.993286
  0
POINT
  8
3
  10
308.647827
  20
1133.409790
  0
POINT
  8
4
  10
235.523956
  20
1378.895630
  30
7.000000
  39
0.000000
  50
208.739807
  0
TEXT
  8
15
  10
177.424393
  20
1165.823853
  40
11.328125
  50
269.998352
  999
11.000000
  1000
3
  1
Body_Front_4
  7
STANDARD
  0
POLYLINE
  8
87
  66
1
  70
1
  250
2
  0
VERTEX
  8
87
  10
64.208809
  20
1426.081421
  0
VERTEX
  8
87
  10
68.230682
  20
1425.989014
  0
VERTEX
  8
87
  10
72.249565
  20
1426.000732
  0
VERTEX
  8
87
  10
76.265251
  20
1426.169556
  0
VERTEX
  8
87
  10
78.897034
  20
1426.388184
  0
VERTEX
  8
87
  10
81.521225
  20
1426.697510
  0
VERTEX
  8
87
  10
84.133919
  20
1427.098877
  0
VERTEX
  8
87
  10
86.731186
  20
1427.593628
  0
VERTEX
  8
87
  10
89.309113
  20
1428.183228
  0
VERTEX
  8
87
  10
91.863785
  20
1428.868896
  0
VERTEX
  8
87
  10
94.342056
  20
1429.635254
  0
VERTEX
  8
87
  10
96.789284
  20
1430.492554
  0
VERTEX
  8
87
  10
99.202644
  20
1431.439575
  0
VERTEX
  8
87
  10
101.579346
  20
1432.474487
  0
VERTEX
  8
87
  10
103.916565
  20
1433.595703
  0
VERTEX
  8
87
  10
106.211502
  20
1434.801758
  0
VERTEX
  8
87
  10
108.426590
  20
1436.069336
  0
VERTEX
  8
87
  10
110.596115
  20
1437.411987
  0
VERTEX
  8
87
  10
112.720200
  20
1438.825195
  0
VERTEX
  8
87
  10
114.799011
  20
1440.304565
  0
VERTEX
  8
87
  10
116.832695
  20
1441.845703
  0
VERTEX
  8
87
  10
118.821381
  20
1443.444336
  0
VERTEX
  8
87
  10
121.123627
  20
1445.410156
  0
VERTEX
  8
87
  10
123.363571
  20
1447.444092
  0
VERTEX
  8
87
  10
125.544899
  20
1449.541260
  0
VERTEX
  8
87
  10
127.671257
  20
1451.696777
  0
VERTEX
  8
87
  10
129.746307
  20
1453.906006
  0
VERTEX
  8
87
  10
131.754150
  20
1456.146240
  0
VERTEX
  8
87
  10
133.702438
  20
1458.436523
  0
VERTEX
  8
87
  10
135.581131
  20
1460.780762
  0
VERTEX
  8
87
  10
137.380188
  20
1463.183105
  0
VERTEX
  8
87
  10
139.089554
  20
1465.647583
  0
VERTEX
  8
87
  10
141.078461
  20
1468.790405
  0
VERTEX
  8
87
  10
142.949768
  20
1472.007568
  0
VERTEX
  8
87
  10
144.743317
  20
1475.274658
  0
VERTEX
  8
87
  10
146.498947
  20
1478.567505
  0
VERTEX
  8
87
  10
152.135376
  20
1474.305054
  0
VERTEX
  8
87
  10
157.342621
  20
1470.264160
  0
VERTEX
  8
87
  10
162.490021
  20
1466.147095
  0
VERTEX
  8
87
  10
167.567719
  20
1461.958252
  0
VERTEX
  8
87
  10
172.575546
  20
1457.686523
  0
VERTEX
  8
87
  10
177.457489
  20
1453.368042
  0
VERTEX
  8
87
  10
182.253296
  20
1448.952759
  0
VERTEX
  8
87
  10
185.387939
  20
1445.956299
  0
VERTEX
  8
87
  10
188.461166
  20
1442.899414
  0
VERTEX
  8
87
  10
191.456848
  20
1439.766113
  0
VERTEX
  8
87
  10
194.388733
  20
1436.517212
  0
VERTEX
  8
87
  10
197.236969
  20
1433.195190
  0
VERTEX
  8
87
  10
200.019135
  20
1429.815308
  0
VERTEX
  8
87
  10
208.134140
  20
1419.487915
  0
VERTEX
  8
87
  10
216.118896
  20
1409.031250
  0
VERTEX
  8
87
  10
219.964325
  20
1403.706543
  0
VERTEX
  8
87
  10
223.693344
  20
1398.298828
  0
VERTEX
  8
87
  10
227.323380
  20
1392.788330
  0
VERTEX
  8
87
  10
230.814438
  20
1387.188965
  0
VERTEX
  8
87
  10
233.230682
  20
1383.077393
  0
VERTEX
  8
87
  10
235.523621
  20
1378.896240
  0
VERTEX
  8
87
  10
237.011368
  20
1375.952271
  0
VERTEX
  8
87
  10
238.791534
  20
1371.992310
  0
VERTEX
  8
87
  10
240.410355
  20
1367.961548
  0
VERTEX
  8
87
  10
241.939102
  20
1363.891846
  0
VERTEX
  8
87
  10
246.456619
  20
1351.632568
  0
VERTEX
  8
87
  10
248.789825
  20
1345.530273
  0
VERTEX
  8
87
  10
251.228928
  20
1339.468140
  0
VERTEX
  8
87
  10
252.927307
  20
1335.468140
  0
VERTEX
  8
87
  10
254.703751
  20
1331.504028
  0
VERTEX
  8
87
  10
256.576904
  20
1327.583252
  0
VERTEX
  8
87
  10
258.574402
  20
1323.693359
  0
VERTEX
  8
87
  10
260.695709
  20
1319.871094
  0
VERTEX
  8
87
  10
262.952637
  20
1316.125488
  0
VERTEX
  8
87
  10
264.730896
  20
1313.387573
  0
VERTEX
  8
87
  10
266.591919
  20
1310.706543
  0
VERTEX
  8
87
  10
268.539124
  20
1308.087402
  0
VERTEX
  8
87
  10
270.576050
  20
1305.535767
  0
VERTEX
  8
87
  10
272.731262
  20
1303.028687
  0
VERTEX
  8
87
  10
274.981018
  20
1300.607178
  0
VERTEX
  8
87
  10
277.327515
  20
1298.279541
  0
VERTEX
  8
87
  10
279.772949
  20
1296.053345
  0
VERTEX
  8
87
  10
281.785156
  20
1294.365234
  0
VERTEX
  8
87
  10
283.859711
  20
1292.755493
  0
VERTEX
  8
87
  10
285.997406
  20
1291.231323
  0
VERTEX
  8
87
  10
288.198975
  20
1289.800049
  0
VERTEX
  8
87
  10
290.465149
  20
1288.469238
  0
VERTEX
  8
87
  10
292.770996
  20
1287.258057
  0
VERTEX
  8
87
  10
295.132477
  20
1286.158936
  0
VERTEX
  8
87
  10
297.543396
  20
1285.176758
  0
VERTEX
  8
87
  10
299.997559
  20
1284.316040
  0
VERTEX
  8
87
  10
302.488708
  20
1283.581787
  0
VERTEX
  8
87
  10
305.819427
  20
1282.804565
  0
VERTEX
  8
87
  10
309.187866
  20
1282.200317
  0
VERTEX
  8
87
  10
312.582092
  20
1281.710938
  0
VERTEX
  8
87
  10
315.990234
  20
1281.278320
  0
VERTEX
  8
87
  10
315.181274
  20
1269.024170
  0
VERTEX
  8
87
  10
314.388916
  20
1256.773438
  0
VERTEX
  8
87
  10
313.629272
  20
1244.520874
  0
VERTEX
  8
87
  10
312.918549
  20
1232.261108
  0
VERTEX
  8
87
  10
312.391724
  20
1222.408447
  0
VERTEX
  8
87
  10
311.901001
  20
1212.557129
  0
VERTEX
  8
87
  10
311.440155
  20
1202.705444
  0
VERTEX
  8
87
  10
311.002747
  20
1192.851440
  0
VERTEX
  8
87
  10
310.582458
  20
1182.993286
  0
VERTEX
  8
87
  10
309.904510
  20
1166.464844
  0
VERTEX
  8
87
  10
309.259277
  20
1149.940552
  0
VERTEX
  8
87
  10
308.647827
  20
1133.409790
  0
VERTEX
  8
87
  10
306.970703
  20
1083.759644
  0
VERTEX
  8
87
  10
310.770203
  20
923.896118
  0
VERTEX
  8
87
  10
59.851231
  20
923.906677
  0
VERTEX
  8
87
  10
60.184162
  20
1426.225464
  0
SEQEND
  0
POLYLINE
  8
8
  66
1
  70
0
  250
0
  0
VERTEX
  8
8
  10
60.179390
  20
1281.286011
  0
VERTEX
  8
8
  10
315.989380
  20
1281.277588
  0
SEQEND
  0
TEXT
  8
8
  10
60.179390
  20
1281.286011
  40
0.250000
  50
0.000000
  1
# -1
  7
STANDARD
  0
TEXT
  8
8
  10
315.989380
  20
1281.277588
  40
0.250000
  50
0.000000
  1
# -1
  7
STANDARD
  0
POINT
  8
2
  10
60.179390
  20
1281.286011
  0
POINT
  8
2
  10
315.989380
  20
1281.277588
  0
POLYLINE
  8
85
  66
1
  70
0
  250
1
  0
VERTEX
  8
85
  10
315.989380
  20
1281.277588
  0
SEQEND
  0
POLYLINE
  8
8
  66
1
  70
0
  250
0
  0
VERTEX
  8
8
  10
60.173367
  20
1083.767944
  0
VERTEX
  8
8
  10
306.970795
  20
1083.760864
  0
SEQEND
  0
TEXT
  8
8
  10
60.173367
  20
1083.767944
  40
0.250000
  50
0.000000
  1
# -1
  7
STANDARD
  0
TEXT
  8
8
  10
306.970795
  20
1083.760864
  40
0.250000
  50
0.000000
  1
# -1
  7
STANDARD
  0
POINT
  8
2
  10
60.173367
  20
1083.767944
  0
POINT
  8
2
  10
306.970795
  20
1083.760864
  0
POLYLINE
  8
85
  66
1
  70
0
  250
1
  0
VERTEX
  8
85
  10
306.970795
  20
1083.760864
  0
SEQEND
  0
POLYLINE
  8
8
  66
1
  70
0
  250
0
  0
VERTEX
  8
8
  10
60.175148
  20
1139.701782
  0
VERTEX
  8
8
  10
67.674309
  20
1137.693604
  0
VERTEX
  8
8
  10
73.164726
  20
1132.203247
  0
VERTEX
  8
8
  10
75.174362
  20
1124.702881
  0
VERTEX
  8
8
  10
73.164787
  20
1117.203247
  0
VERTEX
  8
8
  10
67.674416
  20
1111.712158
  0
VERTEX
  8
8
  10
60.174164
  20
1109.702759
  0
SEQEND
  0
TEXT
  8
8
  10
60.175148
  20
1139.701782
  40
0.250000
  50
0.000000
  1
# -1
  7
STANDARD
  0
TEXT
  8
8
  10
67.674309
  20
1137.693604
  40
0.250000
  50
0.000000
  1
# -1
  7
STANDARD
  0
TEXT
  8
8
  10
73.164726
  20
1132.203247
  40
0.250000
  50
0.000000
  1
# -1
  7
STANDARD
  0
TEXT
  8
8
  10
75.174362
  20
1124.702881
  40
0.250000
  50
0.000000
  1
# -1
  7
STANDARD
  0
TEXT
  8
8
  10
73.164787
  20
1117.203247
  40
0.250000
  50
0.000000
  1
# -1
  7
STANDARD
  0
TEXT
  8
8
  10
67.674416
  20
1111.712158
  40
0.250000
  50
0.000000
  1
# -1
  7
STANDARD
  0
TEXT
  8
8
  10
60.174164
  20
1109.702759
  40
0.250000
  50
0.000000
  1
# -1
  7
STANDARD
  0
POINT
  8
2
  10
60.175148
  20
1139.701782
  0
POINT
  8
2
  10
60.174164
  20
1109.702759
  0
POINT
  8
3
  10
67.674309
  20
1137.693604
  0
POINT
  8
3
  10
73.164726
  20
1132.203247
  0
POINT
  8
3
  10
75.174362
  20
1124.702881
  0
POINT
  8
3
  10
73.164787
  20
1117.203247
  0
POINT
  8
3
  10
67.674416
  20
1111.712158
  0
POLYLINE
  8
85
  66
1
  70
0
  250
1
  0
VERTEX
  8
85
  10
62.132191
  20
1139.385742
  0
VERTEX
  8
85
  10
64.056213
  20
1138.995605
  0
VERTEX
  8
85
  10
65.914497
  20
1138.456543
  0
VERTEX
  8
85
  10
67.674309
  20
1137.693604
  0
VERTEX
  8
85
  10
68.990059
  20
1136.882446
  0
VERTEX
  8
85
  10
70.209229
  20
1135.904541
  0
VERTEX
  8
85
  10
71.319572
  20
1134.783081
  0
VERTEX
  8
85
  10
72.308823
  20
1133.541626
  0
VERTEX
  8
85
  10
73.164726
  20
1132.203247
  0
VERTEX
  8
85
  10
73.876236
  20
1130.790405
  0
VERTEX
  8
85
  10
74.437454
  20
1129.319580
  0
VERTEX
  8
85
  10
74.843872
  20
1127.805176
  0
VERTEX
  8
85
  10
75.091011
  20
1126.261475
  0
VERTEX
  8
85
  10
75.174362
  20
1124.702881
  0
VERTEX
  8
85
  10
75.090958
  20
1123.144409
  0
VERTEX
  8
85
  10
74.843796
  20
1121.600830
  0
VERTEX
  8
85
  10
74.437378
  20
1120.086548
  0
VERTEX
  8
85
  10
73.876213
  20
1118.615967
  0
VERTEX
  8
85
  10
73.164787
  20
1117.203247
  0
VERTEX
  8
85
  10
72.308899
  20
1115.864746
  0
VERTEX
  8
85
  10
71.319656
  20
1114.623047
  0
VERTEX
  8
85
  10
70.209328
  20
1113.501587
  0
VERTEX
  8
85
  10
68.990158
  20
1112.523438
  0
VERTEX
  8
85
  10
67.674416
  20
1111.712158
  0
VERTEX
  8
85
  10
65.914375
  20
1110.948975
  0
VERTEX
  8
85
  10
64.055824
  20
1110.409546
  0
VERTEX
  8
85
  10
62.131508
  20
1110.019165
  0
VERTEX
  8
85
  10
60.174164
  20
1109.702759
  0
SEQEND
  0
POLYLINE
  8
8
  66
1
  70
0
  250
0
  0
VERTEX
  8
8
  10
60.174797
  20
1132.190308
  0
VERTEX
  8
8
  10
65.478783
  20
1130.030396
  0
VERTEX
  8
8
  10
67.674362
  20
1124.701172
  0
VERTEX
  8
8
  10
65.475876
  20
1119.373657
  0
VERTEX
  8
8
  10
60.174397
  20
1117.203003
  0
SEQEND
  0
TEXT
  8
8
  10
60.174797
  20
1132.190308
  40
0.250000
  50
0.000000
  1
# -1
  7
STANDARD
  0
TEXT
  8
8
  10
60.174397
  20
1117.203003
  40
0.250000
  50
0.000000
  1
# -1
  7
STANDARD
  0
POINT
  8
2
  10
60.174797
  20
1132.190308
  0
POINT
  8
2
  10
60.174397
  20
1117.203003
  0
POINT
  8
3
  10
65.478783
  20
1130.030396
  0
POINT
  8
3
  10
67.674362
  20
1124.701172
  0
POINT
  8
3
  10
65.475876
  20
1119.373657
  0
POLYLINE
  8
85
  66
1
  70
0
  250
1
  0
VERTEX
  8
85
  10
62.114212
  20
1131.701782
  0
VERTEX
  8
85
  10
63.925053
  20
1131.039917
  0
VERTEX
  8
85
  10
65.478783
  20
1130.030396
  0
VERTEX
  8
85
  10
66.408882
  20
1128.957397
  0
VERTEX
  8
85
  10
67.098595
  20
1127.662231
  0
VERTEX
  8
85
  10
67.527298
  20
1126.218750
  0
VERTEX
  8
85
  10
67.674362
  20
1124.701172
  0
VERTEX
  8
85
  10
67.526085
  20
1123.184082
  0
VERTEX
  8
85
  10
67.096375
  20
1121.741455
  0
VERTEX
  8
85
  10
66.406044
  20
1120.446777
  0
VERTEX
  8
85
  10
65.475876
  20
1119.373657
  0
VERTEX
  8
85
  10
63.922432
  20
1118.361572
  0
VERTEX
  8
85
  10
62.112537
  20
1117.696045
  0
VERTEX
  8
85
  10
60.174397
  20
1117.203003
  0
SEQEND
  0
TEXT
  8
1
  10
188.296570
  20
1204.433472
  50
0.000000
  1
PIECE NAME: Body_Front_4
  7
STANDARD
  0
TEXT
  8
1
  10
188.296570
  20
1199.433472
  50
0.000000
  1
SIZE: M
  7
STANDARD
  0
TEXT
  8
1
  10
188.296570
  20
1189.433472
  50
0.000000
  1
QUANTITY: 1
  7
STANDARD
  0
ENDBLK
  0
BLOCK
  8
1
  2
Body_Back_3_M
  70
64
  10
0
  20
0
  0
POLYLINE
  8
1
  66
1
  70
1
  250
0
  0
VERTEX
  8
1
  10
116.755417
  20
2452.569092
  0
VERTEX
  8
1
  10
116.754898
  20
2465.302246
  0
VERTEX
  8
1
  10
140.274307
  20
2467.001465
  0
VERTEX
  8
1
  10
155.806030
  20
2457.080566
  0
VERTEX
  8
1
  10
171.506577
  20
2446.171143
  0
VERTEX
  8
1
  10
186.578522
  20
2434.406494
  0
VERTEX
  8
1
  10
200.806458
  20
2421.641113
  0
VERTEX
  8
1
  10
214.170258
  20
2407.966064
  0
VERTEX
  8
1
  10
227.232880
  20
2394.001953
  0
VERTEX
  8
1
  10
239.969604
  20
2379.742188
  0
VERTEX
  8
1
  10
251.678009
  20
2364.627930
  0
VERTEX
  8
1
  10
258.109558
  20
2355.698242
  0
VERTEX
  8
1
  10
261.220032
  20
2351.379395
  0
VERTEX
  8
1
  10
263.980011
  20
2347.480957
  0
VERTEX
  8
1
  10
270.569580
  20
2338.172607
  0
VERTEX
  8
1
  10
279.940063
  20
2325.026611
  0
VERTEX
  8
1
  10
285.952271
  20
2316.767578
  0
VERTEX
  8
1
  10
292.107330
  20
2308.615967
  0
VERTEX
  8
1
  10
298.480225
  20
2300.632812
  0
VERTEX
  8
1
  10
305.130615
  20
2292.879395
  0
VERTEX
  8
1
  10
312.088745
  20
2285.401123
  0
VERTEX
  8
1
  10
319.388641
  20
2278.256104
  0
VERTEX
  8
1
  10
327.076111
  20
2271.531006
  0
VERTEX
  8
1
  10
335.140137
  20
2265.261963
  0
VERTEX
  8
1
  10
343.558960
  20
2259.478271
  0
VERTEX
  8
1
  10
352.328796
  20
2254.242920
  0
VERTEX
  8
1
  10
361.445923
  20
2249.640137
  0
VERTEX
  8
1
  10
370.846619
  20
2245.644775
  0
VERTEX
  8
1
  10
382.989685
  20
2240.835205
  0
VERTEX
  8
1
  10
381.704895
  20
2221.313232
  0
VERTEX
  8
1
  10
380.916077
  20
2209.078857
  0
VERTEX
  8
1
  10
380.161652
  20
2196.870117
  0
VERTEX
  8
1
  10
379.455475
  20
2184.646240
  0
VERTEX
  8
1
  10
378.213409
  20
2160.095215
  0
VERTEX
  8
1
  10
377.137177
  20
2135.536621
  0
VERTEX
  8
1
  10
376.462311
  20
2118.998779
  0
VERTEX
  8
1
  10
375.821777
  20
2102.506348
  0
VERTEX
  8
1
  10
375.214600
  20
2085.998779
  0
VERTEX
  8
1
  10
373.558594
  20
2036.659180
  0
VERTEX
  8
1
  10
378.014740
  20
1864.152588
  0
VERTEX
  8
1
  10
116.779327
  20
1864.144897
  0
VERTEX
  8
1
  10
116.778809
  20
1876.844849
  0
SEQEND
  0
POINT
  8
2
  10
116.755417
  20
2452.569092
  0
POINT
  8
2
  10
116.754898
  20
2465.302246
  0
POINT
  8
2
  10
140.274307
  20
2467.001465
  0
POINT
  8
2
  10
155.806030
  20
2457.080566
  0
POINT
  8
2
  10
370.846619
  20
2245.644775
  0
POINT
  8
2
  10
382.989685
  20
2240.835205
  0
POINT
  8
2
  10
381.704895
  20
2221.313232
  0
POINT
  8
2
  10
375.214600
  20
2085.998779
  0
POINT
  8
2
  10
373.558594
  20
2036.659180
  0
POINT
  8
2
  10
378.014740
  20
1864.152588
  0
POINT
  8
2
  10
116.779327
  20
1864.144897
  0
POINT
  8
2
  10
116.778809
  20
1876.844849
  0
POINT
  8
3
  10
171.506577
  20
2446.171143
  0
POINT
  8
3
  10
186.578522
  20
2434.406494
  0
POINT
  8
3
  10
200.806458
  20
2421.641113
  0
POINT
  8
3
  10
214.170258
  20
2407.966064
  0
POINT
  8
3
  10
227.232880
  20
2394.001953
  0
POINT
  8
3
  10
239.969604
  20
2379.742188
  0
POINT
  8
3
  10
251.678009
  20
2364.627930
  0
POINT
  8
3
  10
258.109558
  20
2355.698242
  0
POINT
  8
3
  10
261.220032
  20
2351.379395
  0
POINT
  8
3
  10
263.980011
  20
2347.480957
  0
POINT
  8
3
  10
270.569580
  20
2338.172607
  0
POINT
  8
3
  10
279.940063
  20
2325.026611
  0
POINT
  8
3
  10
285.952271
  20
2316.767578
  0
POINT
  8
3
  10
292.107330
  20
2308.615967
  0
POINT
  8
3
  10
298.480225
  20
2300.632812
  0
POINT
  8
3
  10
305.130615
  20
2292.879395
  0
POINT
  8
3
  10
312.088745
  20
2285.401123
  0
POINT
  8
3
  10
319.388641
  20
2278.256104
  0
POINT
  8
3
  10
327.076111
  20
2271.531006
  0
POINT
  8
3
  10
335.140137
  20
2265.261963
  0
POINT
  8
3
  10
343.558960
  20
2259.478271
  0
POINT
  8
3
  10
352.328796
  20
2254.242920
  0
POINT
  8
3
  10
361.445923
  20
2249.640137
  0
POINT
  8
3
  10
380.916077
  20
2209.078857
  0
POINT
  8
3
  10
380.161652
  20
2196.870117
  0
POINT
  8
3
  10
379.455475
  20
2184.646240
  0
POINT
  8
3
  10
378.213409
  20
2160.095215
  0
POINT
  8
3
  10
377.137177
  20
2135.536621
  0
POINT
  8
3
  10
376.462311
  20
2118.998779
  0
POINT
  8
3
  10
375.821777
  20
2102.506348
  0
POINT
  8
4
  10
258.109558
  20
2355.698242
  30
7.000000
  39
0.000000
  50
216.004745
  0
POINT
  8
4
  10
263.980011
  20
2347.480957
  30
7.000000
  39
0.000000
  50
215.660233
  0
POLYLINE
  8
84
  66
1
  70
1
  250
1
  0
VERTEX
  8
84
  10
116.754898
  20
2465.302246
  0
VERTEX
  8
84
  10
140.274307
  20
2467.001465
  0
VERTEX
  8
84
  10
155.806030
  20
2457.080566
  0
VERTEX
  8
84
  10
161.076691
  20
2453.494873
  0
VERTEX
  8
84
  10
166.318329
  20
2449.872070
  0
VERTEX
  8
84
  10
171.506577
  20
2446.171143
  0
VERTEX
  8
84
  10
175.347458
  20
2443.324219
  0
VERTEX
  8
84
  10
179.139603
  20
2440.414551
  0
VERTEX
  8
84
  10
182.883240
  20
2437.442139
  0
VERTEX
  8
84
  10
186.578522
  20
2434.406494
  0
VERTEX
  8
84
  10
190.221817
  20
2431.310059
  0
VERTEX
  8
84
  10
193.809311
  20
2428.152344
  0
VERTEX
  8
84
  10
197.338394
  20
2424.930176
  0
VERTEX
  8
84
  10
200.806458
  20
2421.641113
  0
VERTEX
  8
84
  10
205.335022
  20
2417.155518
  0
VERTEX
  8
84
  10
209.777603
  20
2412.586426
  0
VERTEX
  8
84
  10
214.170258
  20
2407.966064
  0
VERTEX
  8
84
  10
227.232880
  20
2394.001953
  0
VERTEX
  8
84
  10
231.554108
  20
2389.313477
  0
VERTEX
  8
84
  10
235.814911
  20
2384.574219
  0
VERTEX
  8
84
  10
239.969604
  20
2379.742188
  0
VERTEX
  8
84
  10
242.991913
  20
2376.039307
  0
VERTEX
  8
84
  10
245.940155
  20
2372.277832
  0
VERTEX
  8
84
  10
248.830231
  20
2368.469971
  0
VERTEX
  8
84
  10
251.678009
  20
2364.627930
  0
VERTEX
  8
84
  10
261.220032
  20
2351.379395
  0
VERTEX
  8
84
  10
270.569580
  20
2338.172607
  0
VERTEX
  8
84
  10
279.940063
  20
2325.026611
  0
VERTEX
  8
84
  10
285.952271
  20
2316.767578
  0
VERTEX
  8
84
  10
292.107330
  20
2308.615967
  0
VERTEX
  8
84
  10
298.480225
  20
2300.632812
  0
VERTEX
  8
84
  10
305.130615
  20
2292.879395
  0
VERTEX
  8
84
  10
312.088745
  20
2285.401123
  0
VERTEX
  8
84
  10
315.692444
  20
2281.781250
  0
VERTEX
  8
84
  10
319.388641
  20
2278.256104
  0
VERTEX
  8
84
  10
323.183594
  20
2274.837891
  0
VERTEX
  8
84
  10
327.076111
  20
2271.531006
  0
VERTEX
  8
84
  10
331.062714
  20
2268.338135
  0
VERTEX
  8
84
  10
335.140137
  20
2265.261963
  0
VERTEX
  8
84
  10
339.305603
  20
2262.306152
  0
VERTEX
  8
84
  10
343.558960
  20
2259.478271
  0
VERTEX
  8
84
  10
347.900024
  20
2256.787598
  0
VERTEX
  8
84
  10
352.328796
  20
2254.242920
  0
VERTEX
  8
84
  10
356.844482
  20
2251.855469
  0
VERTEX
  8
84
  10
361.445923
  20
2249.640137
  0
VERTEX
  8
84
  10
370.846619
  20
2245.644775
  0
VERTEX
  8
84
  10
382.989685
  20
2240.835205
  0
VERTEX
  8
84
  10
381.704895
  20
2221.313232
  0
VERTEX
  8
84
  10
380.916077
  20
2209.078857
  0
VERTEX
  8
84
  10
380.161652
  20
2196.870117
  0
VERTEX
  8
84
  10
379.455475
  20
2184.646240
  0
VERTEX
  8
84
  10
378.807556
  20
2172.372070
  0
VERTEX
  8
84
  10
378.213409
  20
2160.095215
  0
VERTEX
  8
84
  10
377.137177
  20
2135.536621
  0
VERTEX
  8
84
  10
376.462311
  20
2118.998779
  0
VERTEX
  8
84
  10
375.821777
  20
2102.506348
  0
VERTEX
  8
84
  10
375.214600
  20
2085.998779
  0
VERTEX
  8
84
  10
373.558594
  20
2036.659180
  0
VERTEX
  8
84
  10
378.014740
  20
1864.152588
  0
VERTEX
  8
84
  10
116.779327
  20
1864.144897
  0
VERTEX
  8
84
  10
116.778809
  20
1876.844849
  0
VERTEX
  8
84
  10
116.755417
  20
2452.569092
  0
SEQEND
  0
LINE
  8
7
  10
244.647263
  20
2075.600586
  11
244.640884
  21
2255.600586
  0
POLYLINE
  8
14
  66
1
  70
1
  250
2
  0
VERTEX
  8
14
  10
116.755417
  20
2452.569092
  0
VERTEX
  8
14
  10
141.493561
  20
2454.356445
  0
VERTEX
  8
14
  10
150.343750
  20
2448.703125
  0
VERTEX
  8
14
  10
162.040649
  20
2440.697998
  0
VERTEX
  8
14
  10
175.520493
  20
2430.480225
  0
VERTEX
  8
14
  10
188.356049
  20
2419.668457
  0
VERTEX
  8
14
  10
200.210083
  20
2408.045898
  0
VERTEX
  8
14
  10
222.871796
  20
2383.961914
  0
VERTEX
  8
14
  10
233.714508
  20
2371.619873
  0
VERTEX
  8
14
  10
242.759766
  20
2359.868408
  0
VERTEX
  8
14
  10
249.979645
  20
2349.903564
  0
VERTEX
  8
14
  10
253.082397
  20
2345.567139
  0
VERTEX
  8
14
  10
255.819855
  20
2341.702881
  0
VERTEX
  8
14
  10
271.822876
  20
2319.186035
  0
VERTEX
  8
14
  10
281.434814
  20
2306.107178
  0
VERTEX
  8
14
  10
291.546844
  20
2293.326660
  0
VERTEX
  8
14
  10
302.462219
  20
2280.994873
  0
VERTEX
  8
14
  10
314.292786
  20
2269.361328
  0
VERTEX
  8
14
  10
327.265381
  20
2258.653076
  0
VERTEX
  8
14
  10
341.306580
  20
2249.087158
  0
VERTEX
  8
14
  10
356.372314
  20
2240.967529
  0
VERTEX
  8
14
  10
372.532745
  20
2234.220947
  0
VERTEX
  8
14
  10
369.470978
  20
2185.202393
  0
VERTEX
  8
14
  10
367.145020
  20
2135.932373
  0
VERTEX
  8
14
  10
365.220734
  20
2086.348633
  0
VERTEX
  8
14
  10
363.554260
  20
2036.697754
  0
VERTEX
  8
14
  10
367.683350
  20
1876.852173
  0
VERTEX
  8
14
  10
116.778809
  20
1876.844849
  0
SEQEND
  0
TEXT
  8
14
  10
116.755417
  20
2452.569092
  40
0.250000
  50
0.000000
  1
# -1
  7
STANDARD
  0
TEXT
  8
14
  10
141.493561
  20
2454.356445
  40
0.250000
  50
0.000000
  1
# -1
  7
STANDARD
  0
TEXT
  8
14
  10
372.532745
  20
2234.220947
  40
0.250000
  50
0.000000
  1
# -1
  7
STANDARD
  0
TEXT
  8
14
  10
369.470978
  20
2185.202393
  40
0.250000
  50
0.000000
  1
# -1
  7
STANDARD
  0
TEXT
  8
14
  10
367.145020
  20
2135.932373
  40
0.250000
  50
0.000000
  1
# -1
  7
STANDARD
  0
TEXT
  8
14
  10
365.220734
  20
2086.348633
  40
0.250000
  50
0.000000
  1
# -1
  7
STANDARD
  0
TEXT
  8
14
  10
363.554260
  20
2036.697754
  40
0.250000
  50
0.000000
  1
# -1
  7
STANDARD
  0
TEXT
  8
14
  10
367.683350
  20
1876.852173
  40
0.250000
  50
0.000000
  1
# -1
  7
STANDARD
  0
TEXT
  8
14
  10
116.778809
  20
1876.844849
  40
0.250000
  50
0.000000
  1
# -1
  7
STANDARD
  0
POINT
  8
2
  10
116.755417
  20
2452.569092
  0
POINT
  8
2
  10
141.493561
  20
2454.356445
  0
POINT
  8
2
  10
372.532745
  20
2234.220947
  0
POINT
  8
2
  10
363.554260
  20
2036.697754
  0
POINT
  8
2
  10
367.683350
  20
1876.852173
  0
POINT
  8
2
  10
116.778809
  20
1876.844849
  0
POINT
  8
3
  10
150.343750
  20
2448.703125
  0
POINT
  8
3
  10
162.040649
  20
2440.697998
  0
POINT
  8
3
  10
175.520493
  20
2430.480225
  0
POINT
  8
3
  10
188.356049
  20
2419.668457
  0
POINT
  8
3
  10
200.210083
  20
2408.045898
  0
POINT
  8
3
  10
222.871796
  20
2383.961914
  0
POINT
  8
3
  10
233.714508
  20
2371.619873
  0
POINT
  8
3
  10
242.759766
  20
2359.868408
  0
POINT
  8
3
  10
249.979645
  20
2349.903564
  0
POINT
  8
3
  10
253.082397
  20
2345.567139
  0
POINT
  8
3
  10
255.819855
  20
2341.702881
  0
POINT
  8
3
  10
271.822876
  20
2319.186035
  0
POINT
  8
3
  10
281.434814
  20
2306.107178
  0
POINT
  8
3
  10
291.546844
  20
2293.326660
  0
POINT
  8
3
  10
302.462219
  20
2280.994873
  0
POINT
  8
3
  10
314.292786
  20
2269.361328
  0
POINT
  8
3
  10
327.265381
  20
2258.653076
  0
POINT
  8
3
  10
341.306580
  20
2249.087158
  0
POINT
  8
3
  10
356.372314
  20
2240.967529
  0
POINT
  8
3
  10
369.470978
  20
2185.202393
  0
POINT
  8
3
  10
367.145020
  20
2135.932373
  0
POINT
  8
3
  10
365.220734
  20
2086.348633
  0
POINT
  8
4
  10
249.979721
  20
2349.903320
  30
7.000000
  39
0.000000
  50
215.921951
  0
POINT
  8
4
  10
255.819931
  20
2341.702881
  30
7.000000
  39
0.000000
  50
215.317749
  0
TEXT
  8
15
  10
231.415085
  20
2119.700684
  40
11.328125
  50
270.002014
  999
11.000000
  1000
3
  1
Body_Back_3
  7
STANDARD
  0
POLYLINE
  8
87
  66
1
  70
1
  250
2
  0
VERTEX
  8
87
  10
141.493561
  20
2454.356445
  0
VERTEX
  8
87
  10
150.343750
  20
2448.703125
  0
VERTEX
  8
87
  10
156.236908
  20
2444.765625
  0
VERTEX
  8
87
  10
162.040649
  20
2440.697998
  0
VERTEX
  8
87
  10
166.589111
  20
2437.365723
  0
VERTEX
  8
87
  10
171.079132
  20
2433.957275
  0
VERTEX
  8
87
  10
175.520493
  20
2430.480225
  0
VERTEX
  8
87
  10
178.794876
  20
2427.852539
  0
VERTEX
  8
87
  10
182.032593
  20
2425.183105
  0
VERTEX
  8
87
  10
185.223145
  20
2422.458984
  0
VERTEX
  8
87
  10
188.356049
  20
2419.668457
  0
VERTEX
  8
87
  10
192.388123
  20
2415.879150
  0
VERTEX
  8
87
  10
196.328049
  20
2411.993408
  0
VERTEX
  8
87
  10
200.210083
  20
2408.045898
  0
VERTEX
  8
87
  10
204.808624
  20
2403.288330
  0
VERTEX
  8
87
  10
209.369568
  20
2398.500000
  0
VERTEX
  8
87
  10
213.897430
  20
2393.681885
  0
VERTEX
  8
87
  10
218.396667
  20
2388.835449
  0
VERTEX
  8
87
  10
222.871796
  20
2383.961914
  0
VERTEX
  8
87
  10
226.552948
  20
2379.904297
  0
VERTEX
  8
87
  10
230.179199
  20
2375.801270
  0
VERTEX
  8
87
  10
233.714508
  20
2371.619873
  0
VERTEX
  8
87
  10
236.803543
  20
2367.760742
  0
VERTEX
  8
87
  10
239.809753
  20
2363.837158
  0
VERTEX
  8
87
  10
242.759766
  20
2359.868408
  0
VERTEX
  8
87
  10
249.979645
  20
2349.903564
  0
VERTEX
  8
87
  10
253.082397
  20
2345.567139
  0
VERTEX
  8
87
  10
255.819855
  20
2341.702881
  0
VERTEX
  8
87
  10
263.796539
  20
2330.426758
  0
VERTEX
  8
87
  10
271.822876
  20
2319.186035
  0
VERTEX
  8
87
  10
276.589996
  20
2312.618164
  0
VERTEX
  8
87
  10
281.434814
  20
2306.107178
  0
VERTEX
  8
87
  10
284.741272
  20
2301.795654
  0
VERTEX
  8
87
  10
288.108215
  20
2297.533447
  0
VERTEX
  8
87
  10
291.546844
  20
2293.326660
  0
VERTEX
  8
87
  10
295.101074
  20
2289.141602
  0
VERTEX
  8
87
  10
298.737793
  20
2285.030029
  0
VERTEX
  8
87
  10
302.462219
  20
2280.994873
  0
VERTEX
  8
87
  10
305.336121
  20
2278.000977
  0
VERTEX
  8
87
  10
308.263000
  20
2275.061035
  0
VERTEX
  8
87
  10
311.247131
  20
2272.179688
  0
VERTEX
  8
87
  10
314.292786
  20
2269.361328
  0
VERTEX
  8
87
  10
317.444305
  20
2266.574219
  0
VERTEX
  8
87
  10
320.657654
  20
2263.860840
  0
VERTEX
  8
87
  10
323.931702
  20
2261.220215
  0
VERTEX
  8
87
  10
327.265381
  20
2258.653076
  0
VERTEX
  8
87
  10
330.689819
  20
2256.136475
  0
VERTEX
  8
87
  10
334.170563
  20
2253.701416
  0
VERTEX
  8
87
  10
337.708984
  20
2251.350586
  0
VERTEX
  8
87
  10
341.306580
  20
2249.087158
  0
VERTEX
  8
87
  10
344.247986
  20
2247.330322
  0
VERTEX
  8
87
  10
347.225403
  20
2245.637207
  0
VERTEX
  8
87
  10
350.238708
  20
2244.010498
  0
VERTEX
  8
87
  10
353.287720
  20
2242.453125
  0
VERTEX
  8
87
  10
356.372314
  20
2240.967529
  0
VERTEX
  8
87
  10
361.704987
  20
2238.595947
  0
VERTEX
  8
87
  10
367.101685
  20
2236.372314
  0
VERTEX
  8
87
  10
372.532745
  20
2234.220947
  0
VERTEX
  8
87
  10
371.726257
  20
2221.966309
  0
VERTEX
  8
87
  10
370.936340
  20
2209.715332
  0
VERTEX
  8
87
  10
370.179199
  20
2197.462402
  0
VERTEX
  8
87
  10
369.470978
  20
2185.202393
  0
VERTEX
  8
87
  10
368.946136
  20
2175.349121
  0
VERTEX
  8
87
  10
368.457520
  20
2165.497559
  0
VERTEX
  8
87
  10
367.998657
  20
2155.645508
  0
VERTEX
  8
87
  10
367.563293
  20
2145.791016
  0
VERTEX
  8
87
  10
367.145020
  20
2135.932373
  0
VERTEX
  8
87
  10
366.470520
  20
2119.403809
  0
VERTEX
  8
87
  10
365.828735
  20
2102.879395
  0
VERTEX
  8
87
  10
365.220734
  20
2086.348633
  0
VERTEX
  8
87
  10
363.554260
  20
2036.697754
  0
VERTEX
  8
87
  10
367.683350
  20
1876.852173
  0
VERTEX
  8
87
  10
116.778809
  20
1876.844849
  0
VERTEX
  8
87
  10
116.755417
  20
2452.569092
  0
SEQEND
  0
POLYLINE
  8
8
  66
1
  70
0
  250
0
  0
VERTEX
  8
8
  10
372.532745
  20
2234.221436
  0
VERTEX
  8
8
  10
116.762978
  20
2234.212402
  0
SEQEND
  0
TEXT
  8
8
  10
372.532745
  20
2234.221436
  40
0.250000
  50
0.000000
  1
# -1
  7
STANDARD
  0
TEXT
  8
8
  10
116.762978
  20
2234.212402
  40
0.250000
  50
0.000000
  1
# -1
  7
STANDARD
  0
POINT
  8
2
  10
372.532745
  20
2234.221436
  0
POINT
  8
2
  10
116.762978
  20
2234.212402
  0
POLYLINE
  8
85
  66
1
  70
0
  250
1
  0
VERTEX
  8
85
  10
116.762978
  20
2234.212402
  0
SEQEND
  0
POLYLINE
  8
8
  66
1
  70
0
  250
0
  0
VERTEX
  8
8
  10
363.554260
  20
2036.698242
  0
VERTEX
  8
8
  10
116.769691
  20
2036.689209
  0
SEQEND
  0
TEXT
  8
8
  10
363.554260
  20
2036.698242
  40
0.250000
  50
0.000000
  1
# -1
  7
STANDARD
  0
TEXT
  8
8
  10
116.769691
  20
2036.689209
  40
0.250000
  50
0.000000
  1
# -1
  7
STANDARD
  0
POINT
  8
2
  10
363.554260
  20
2036.698242
  0
POINT
  8
2
  10
116.769691
  20
2036.689209
  0
POLYLINE
  8
85
  66
1
  70
0
  250
1
  0
VERTEX
  8
85
  10
116.769691
  20
2036.689209
  0
SEQEND
  0
POLYLINE
  8
8
  66
1
  70
0
  250
0
  0
VERTEX
  8
8
  10
116.768044
  20
2066.645264
  0
VERTEX
  8
8
  10
124.267853
  20
2068.654541
  0
VERTEX
  8
8
  10
129.758514
  20
2074.145264
  0
VERTEX
  8
8
  10
131.768021
  20
2081.645264
  0
VERTEX
  8
8
  10
129.758484
  20
2089.145264
  0
VERTEX
  8
8
  10
124.268051
  20
2094.635986
  0
VERTEX
  8
8
  10
116.767982
  20
2096.645264
  0
SEQEND
  0
TEXT
  8
8
  10
116.768044
  20
2066.645264
  40
0.250000
  50
0.000000
  1
# -1
  7
STANDARD
  0
TEXT
  8
8
  10
124.267853
  20
2068.654541
  40
0.250000
  50
0.000000
  1
# -1
  7
STANDARD
  0
TEXT
  8
8
  10
129.758514
  20
2074.145264
  40
0.250000
  50
0.000000
  1
# -1
  7
STANDARD
  0
TEXT
  8
8
  10
131.768021
  20
2081.645264
  40
0.250000
  50
0.000000
  1
# -1
  7
STANDARD
  0
TEXT
  8
8
  10
129.758484
  20
2089.145264
  40
0.250000
  50
0.000000
  1
# -1
  7
STANDARD
  0
TEXT
  8
8
  10
124.268051
  20
2094.635986
  40
0.250000
  50
0.000000
  1
# -1
  7
STANDARD
  0
TEXT
  8
8
  10
116.767982
  20
2096.645264
  40
0.250000
  50
0.000000
  1
# -1
  7
STANDARD
  0
POINT
  8
2
  10
116.768044
  20
2066.645264
  0
POINT
  8
2
  10
116.767982
  20
2096.645264
  0
POINT
  8
3
  10
124.267853
  20
2068.654541
  0
POINT
  8
3
  10
129.758514
  20
2074.145264
  0
POINT
  8
3
  10
131.768021
  20
2081.645264
  0
POINT
  8
3
  10
129.758484
  20
2089.145264
  0
POINT
  8
3
  10
124.268051
  20
2094.635986
  0
POLYLINE
  8
85
  66
1
  70
0
  250
1
  0
VERTEX
  8
85
  10
118.725243
  20
2066.961670
  0
VERTEX
  8
85
  10
120.649429
  20
2067.352051
  0
VERTEX
  8
85
  10
122.507874
  20
2067.891357
  0
VERTEX
  8
85
  10
124.267853
  20
2068.654541
  0
VERTEX
  8
85
  10
125.583649
  20
2069.465820
  0
VERTEX
  8
85
  10
126.802879
  20
2070.443848
  0
VERTEX
  8
85
  10
127.913277
  20
2071.565186
  0
VERTEX
  8
85
  10
128.902573
  20
2072.806885
  0
VERTEX
  8
85
  10
129.758514
  20
2074.145264
  0
VERTEX
  8
85
  10
130.469971
  20
2075.557861
  0
VERTEX
  8
85
  10
131.031143
  20
2077.028809
  0
VERTEX
  8
85
  10
131.437531
  20
2078.542969
  0
VERTEX
  8
85
  10
131.684647
  20
2080.086670
  0
VERTEX
  8
85
  10
131.768021
  20
2081.645264
  0
VERTEX
  8
85
  10
131.684631
  20
2083.203857
  0
VERTEX
  8
85
  10
131.437485
  20
2084.747559
  0
VERTEX
  8
85
  10
131.031082
  20
2086.261719
  0
VERTEX
  8
85
  10
130.469925
  20
2087.732422
  0
VERTEX
  8
85
  10
129.758484
  20
2089.145264
  0
VERTEX
  8
85
  10
128.902588
  20
2090.483643
  0
VERTEX
  8
85
  10
127.913330
  20
2091.725342
  0
VERTEX
  8
85
  10
126.802979
  20
2092.846680
  0
VERTEX
  8
85
  10
125.583801
  20
2093.824707
  0
VERTEX
  8
85
  10
124.268051
  20
2094.635986
  0
VERTEX
  8
85
  10
122.508034
  20
2095.399170
  0
VERTEX
  8
85
  10
120.649529
  20
2095.938477
  0
VERTEX
  8
85
  10
118.725266
  20
2096.328857
  0
VERTEX
  8
85
  10
116.767982
  20
2096.645264
  0
SEQEND
  0
POLYLINE
  8
8
  66
1
  70
0
  250
0
  0
VERTEX
  8
8
  10
116.768028
  20
2074.145264
  0
VERTEX
  8
8
  10
122.070221
  20
2076.316650
  0
VERTEX
  8
8
  10
124.268013
  20
2081.645264
  0
VERTEX
  8
8
  10
122.070190
  20
2086.973877
  0
VERTEX
  8
8
  10
116.767998
  20
2089.145264
  0
SEQEND
  0
TEXT
  8
8
  10
116.768028
  20
2074.145264
  40
0.250000
  50
0.000000
  1
# -1
  7
STANDARD
  0
TEXT
  8
8
  10
116.767998
  20
2089.145264
  40
0.250000
  50
0.000000
  1
# -1
  7
STANDARD
  0
POINT
  8
2
  10
116.768028
  20
2074.145264
  0
POINT
  8
2
  10
116.767998
  20
2089.145264
  0
POINT
  8
3
  10
122.070221
  20
2076.316650
  0
POINT
  8
3
  10
124.268013
  20
2081.645264
  0
POINT
  8
3
  10
122.070190
  20
2086.973877
  0
POLYLINE
  8
85
  66
1
  70
0
  250
1
  0
VERTEX
  8
85
  10
118.706436
  20
2074.638428
  0
VERTEX
  8
85
  10
120.516579
  20
2075.304199
  0
VERTEX
  8
85
  10
122.070221
  20
2076.316650
  0
VERTEX
  8
85
  10
123.000458
  20
2077.390137
  0
VERTEX
  8
85
  10
123.690750
  20
2078.685303
  0
VERTEX
  8
85
  10
124.120224
  20
2080.128174
  0
VERTEX
  8
85
  10
124.268013
  20
2081.645264
  0
VERTEX
  8
85
  10
124.120193
  20
2083.162354
  0
VERTEX
  8
85
  10
123.690704
  20
2084.605225
  0
VERTEX
  8
85
  10
123.000404
  20
2085.900146
  0
VERTEX
  8
85
  10
122.070190
  20
2086.973877
  0
VERTEX
  8
85
  10
120.516541
  20
2087.986328
  0
VERTEX
  8
85
  10
118.706406
  20
2088.652100
  0
VERTEX
  8
85
  10
116.767998
  20
2089.145264
  0
SEQEND
  0
TEXT
  8
1
  10
249.872284
  20
2165.573242
  50
0.000000
  1
PIECE NAME: Body_Back_3
  7
STANDARD
  0
TEXT
  8
1
  10
249.872284
  20
2160.573242
  50
0.000000
  1
SIZE: M
  7
STANDARD
  0
TEXT
  8
1
  10
249.872284
  20
2150.573242
  50
0.000000
  1
QUANTITY: 1
  7
STANDARD
  0
ENDBLK
  0
BLOCK
  8
1
  2
Wait Left_M
  70
64
  10
0
  20
0
  0
POLYLINE
  8
1
  66
1
  70
1
  250
0
  0
VERTEX
  8
1
  10
-526.304199
  20
599.622314
  0
VERTEX
  8
1
  10
-526.304199
  20
459.922302
  0
VERTEX
  8
1
  10
-24.476471
  20
459.922302
  0
VERTEX
  8
1
  10
-24.476471
  20
599.622314
  0
VERTEX
  8
1
  10
-24.476471
  20
726.622314
  0
VERTEX
  8
1
  10
-24.476471
  20
736.622314
  0
VERTEX
  8
1
  10
-526.304199
  20
736.622314
  0
VERTEX
  8
1
  10
-526.304199
  20
726.622314
  0
SEQEND
  0
POINT
  8
2
  10
-526.304199
  20
599.622314
  0
POINT
  8
2
  10
-526.304199
  20
459.922302
  0
POINT
  8
2
  10
-24.476471
  20
459.922302
  0
POINT
  8
2
  10
-24.476471
  20
599.622314
  0
POINT
  8
2
  10
-24.476471
  20
726.622314
  0
POINT
  8
2
  10
-24.476471
  20
736.622314
  0
POINT
  8
2
  10
-526.304199
  20
736.622314
  0
POINT
  8
2
  10
-526.304199
  20
726.622314
  0
POLYLINE
  8
84
  66
1
  70
1
  250
1
  0
VERTEX
  8
84
  10
-526.304199
  20
459.922302
  0
VERTEX
  8
84
  10
-24.476471
  20
459.922302
  0
VERTEX
  8
84
  10
-24.476471
  20
599.622314
  0
VERTEX
  8
84
  10
-24.476471
  20
726.622314
  0
VERTEX
  8
84
  10
-24.476471
  20
736.622314
  0
VERTEX
  8
84
  10
-526.304199
  20
736.622314
  0
VERTEX
  8
84
  10
-526.304199
  20
726.622314
  0
VERTEX
  8
84
  10
-526.304199
  20
599.622314
  0
SEQEND
  0
LINE
  8
7
  10
-275.390320
  20
573.122314
  11
-275.390320
  21
753.122314
  0
POLYLINE
  8
14
  66
1
  70
1
  250
2
  0
VERTEX
  8
14
  10
-526.304199
  20
599.622314
  0
VERTEX
  8
14
  10
-24.476471
  20
599.622314
  0
VERTEX
  8
14
  10
-24.476471
  20
726.622314
  0
VERTEX
  8
14
  10
-526.304199
  20
726.622314
  0
SEQEND
  0
POINT
  8
2
  10
-526.304199
  20
599.622314
  0
POINT
  8
2
  10
-24.476471
  20
599.622314
  0
POINT
  8
2
  10
-24.476471
  20
726.622314
  0
POINT
  8
2
  10
-526.304199
  20
726.622314
  0
TEXT
  8
15
  10
-266.072113
  20
664.784058
  40
9.046875
  50
90.000008
  999
11.000000
  1000
3
  1
Wait Left
  7
STANDARD
  0
POLYLINE
  8
87
  66
1
  70
1
  250
2
  0
VERTEX
  8
87
  10
-24.476471
  20
599.622314
  0
VERTEX
  8
87
  10
-24.476471
  20
726.622314
  0
VERTEX
  8
87
  10
-526.304199
  20
726.622314
  0
VERTEX
  8
87
  10
-526.304199
  20
599.622314
  0
SEQEND
  0
TEXT
  8
1
  10
-275.390320
  20
598.272339
  50
0.000000
  1
PIECE NAME: Wait Left
  7
STANDARD
  0
TEXT
  8
1
  10
-275.390320
  20
593.272339
  50
0.000000
  1
SIZE: M
  7
STANDARD
  0
TEXT
  8
1
  10
-275.390320
  20
583.272339
  50
0.000000
  1
QUANTITY: 1
  7
STANDARD
  0
ENDBLK
  0
BLOCK
  8
1
  2
Right_M
  70
64
  10
0
  20
0
  0
POLYLINE
  8
1
  66
1
  70
1
  250
0
  0
VERTEX
  8
1
  10
536.993530
  20
599.622314
  0
VERTEX
  8
1
  10
536.993530
  20
459.922302
  0
VERTEX
  8
1
  10
35.165771
  20
459.922302
  0
VERTEX
  8
1
  10
35.165771
  20
599.622314
  0
VERTEX
  8
1
  10
35.165771
  20
726.622314
  0
VERTEX
  8
1
  10
35.165771
  20
736.622314
  0
VERTEX
  8
1
  10
536.993530
  20
736.622314
  0
VERTEX
  8
1
  10
536.993530
  20
726.622314
  0
SEQEND
  0
POINT
  8
2
  10
536.993530
  20
599.622314
  0
POINT
  8
2
  10
536.993530
  20
459.922302
  0
POINT
  8
2
  10
35.165771
  20
459.922302
  0
POINT
  8
2
  10
35.165771
  20
599.622314
  0
POINT
  8
2
  10
35.165771
  20
726.622314
  0
POINT
  8
2
  10
35.165771
  20
736.622314
  0
POINT
  8
2
  10
536.993530
  20
736.622314
  0
POINT
  8
2
  10
536.993530
  20
726.622314
  0
POLYLINE
  8
84
  66
1
  70
1
  250
1
  0
VERTEX
  8
84
  10
536.993530
  20
459.922302
  0
VERTEX
  8
84
  10
35.165771
  20
459.922302
  0
VERTEX
  8
84
  10
35.165771
  20
599.622314
  0
VERTEX
  8
84
  10
35.165771
  20
726.622314
  0
VERTEX
  8
84
  10
35.165771
  20
736.622314
  0
VERTEX
  8
84
  10
536.993530
  20
736.622314
  0
VERTEX
  8
84
  10
536.993530
  20
726.622314
  0
VERTEX
  8
84
  10
536.993530
  20
599.622314
  0
SEQEND
  0
LINE
  8
7
  10
286.079651
  20
573.122314
  11
286.079651
  21
753.122314
  0
POLYLINE
  8
14
  66
1
  70
1
  250
2
  0
VERTEX
  8
14
  10
536.993530
  20
599.622314
  0
VERTEX
  8
14
  10
35.165771
  20
599.622314
  0
VERTEX
  8
14
  10
35.165771
  20
726.622314
  0
VERTEX
  8
14
  10
536.993530
  20
726.622314
  0
SEQEND
  0
POINT
  8
2
  10
536.993530
  20
599.622314
  0
POINT
  8
2
  10
35.165771
  20
599.622314
  0
POINT
  8
2
  10
35.165771
  20
726.622314
  0
POINT
  8
2
  10
536.993530
  20
726.622314
  0
TEXT
  8
15
  10
284.099487
  20
661.587585
  40
11.500000
  50
270.000000
  999
11.000000
  1000
3
  1
Right
  7
STANDARD
  0
POLYLINE
  8
87
  66
1
  70
1
  250
2
  0
VERTEX
  8
87
  10
35.165771
  20
599.622314
  0
VERTEX
  8
87
  10
35.165771
  20
726.622314
  0
VERTEX
  8
87
  10
536.993530
  20
726.622314
  0
VERTEX
  8
87
  10
536.993530
  20
599.622314
  0
SEQEND
  0
TEXT
  8
1
  10
286.079651
  20
598.272339
  50
0.000000
  1
PIECE NAME: Right
  7
STANDARD
  0
TEXT
  8
1
  10
286.079651
  20
593.272339
  50
0.000000
  1
SIZE: M
  7
STANDARD
  0
TEXT
  8
1
  10
286.079651
  20
583.272339
  50
0.000000
  1
QUANTITY: 1
  7
STANDARD
  0
ENDBLK
  0
BLOCK
  8
1
  2
CollarLeft_M
  70
64
  10
0
  20
0
  0
POLYLINE
  8
1
  66
1
  70
1
  250
0
  0
VERTEX
  8
1
  10
-90.967529
  20
2484.705078
  0
VERTEX
  8
1
  10
-90.967529
  20
2535.504883
  0
VERTEX
  8
1
  10
-298.928040
  20
2535.504883
  0
VERTEX
  8
1
  10
-308.936401
  20
2535.504883
  0
VERTEX
  8
1
  10
-308.486298
  20
2528.666016
  0
VERTEX
  8
1
  10
-307.095734
  20
2521.954346
  0
VERTEX
  8
1
  10
-304.776337
  20
2515.505371
  0
VERTEX
  8
1
  10
-301.581909
  20
2509.442139
  0
VERTEX
  8
1
  10
-297.611176
  20
2503.855469
  0
VERTEX
  8
1
  10
-292.984497
  20
2498.797852
  0
VERTEX
  8
1
  10
-287.824310
  20
2494.285645
  0
VERTEX
  8
1
  10
-282.240540
  20
2490.308838
  0
VERTEX
  8
1
  10
-276.324829
  20
2486.843750
  0
VERTEX
  8
1
  10
-270.151764
  20
2483.860352
  0
VERTEX
  8
1
  10
-263.779633
  20
2481.330322
  0
VERTEX
  8
1
  10
-258.953888
  20
2479.731934
  0
VERTEX
  8
1
  10
-254.059143
  20
2478.360596
  0
VERTEX
  8
1
  10
-249.107727
  20
2477.210449
  0
VERTEX
  8
1
  10
-244.110443
  20
2476.276611
  0
VERTEX
  8
1
  10
-239.078125
  20
2475.558350
  0
VERTEX
  8
1
  10
-234.020004
  20
2475.052979
  0
VERTEX
  8
1
  10
-228.944366
  20
2474.769775
  0
VERTEX
  8
1
  10
-225.164612
  20
2474.705078
  0
VERTEX
  8
1
  10
-90.967529
  20
2474.705078
  0
SEQEND
  0
POINT
  8
2
  10
-90.967529
  20
2484.705078
  0
POINT
  8
2
  10
-90.967529
  20
2535.504883
  0
POINT
  8
2
  10
-298.928040
  20
2535.504883
  0
POINT
  8
2
  10
-308.936401
  20
2535.504883
  0
POINT
  8
2
  10
-228.944366
  20
2474.769775
  0
POINT
  8
2
  10
-225.164612
  20
2474.705078
  0
POINT
  8
2
  10
-90.967529
  20
2474.705078
  0
POINT
  8
3
  10
-308.486298
  20
2528.666016
  0
POINT
  8
3
  10
-307.095734
  20
2521.954346
  0
POINT
  8
3
  10
-304.776337
  20
2515.505371
  0
POINT
  8
3
  10
-301.581909
  20
2509.442139
  0
POINT
  8
3
  10
-297.611176
  20
2503.855469
  0
POINT
  8
3
  10
-292.984497
  20
2498.797852
  0
POINT
  8
3
  10
-287.824310
  20
2494.285645
  0
POINT
  8
3
  10
-282.240540
  20
2490.308838
  0
POINT
  8
3
  10
-276.324829
  20
2486.843750
  0
POINT
  8
3
  10
-270.151764
  20
2483.860352
  0
POINT
  8
3
  10
-263.779633
  20
2481.330322
  0
POINT
  8
3
  10
-258.953888
  20
2479.731934
  0
POINT
  8
3
  10
-254.059143
  20
2478.360596
  0
POINT
  8
3
  10
-249.107727
  20
2477.210449
  0
POINT
  8
3
  10
-244.110443
  20
2476.276611
  0
POINT
  8
3
  10
-239.078125
  20
2475.558350
  0
POINT
  8
3
  10
-234.020004
  20
2475.052979
  0
POLYLINE
  8
84
  66
1
  70
1
  250
1
  0
VERTEX
  8
84
  10
-90.967529
  20
2535.504883
  0
VERTEX
  8
84
  10
-298.928040
  20
2535.504883
  0
VERTEX
  8
84
  10
-308.936401
  20
2535.504883
  0
VERTEX
  8
84
  10
-308.486298
  20
2528.666016
  0
VERTEX
  8
84
  10
-307.919983
  20
2525.285889
  0
VERTEX
  8
84
  10
-307.095734
  20
2521.954346
  0
VERTEX
  8
84
  10
-306.046753
  20
2518.688965
  0
VERTEX
  8
84
  10
-304.776337
  20
2515.505371
  0
VERTEX
  8
84
  10
-303.283875
  20
2512.418945
  0
VERTEX
  8
84
  10
-301.581909
  20
2509.442139
  0
VERTEX
  8
84
  10
-299.686035
  20
2506.584961
  0
VERTEX
  8
84
  10
-297.611176
  20
2503.855469
  0
VERTEX
  8
84
  10
-295.372131
  20
2501.258789
  0
VERTEX
  8
84
  10
-292.984497
  20
2498.797852
  0
VERTEX
  8
84
  10
-290.463867
  20
2496.473633
  0
VERTEX
  8
84
  10
-287.824310
  20
2494.285645
  0
VERTEX
  8
84
  10
-282.240540
  20
2490.308838
  0
VERTEX
  8
84
  10
-276.324829
  20
2486.843750
  0
VERTEX
  8
84
  10
-270.151764
  20
2483.860352
  0
VERTEX
  8
84
  10
-263.779633
  20
2481.330322
  0
VERTEX
  8
84
  10
-258.953888
  20
2479.731934
  0
VERTEX
  8
84
  10
-254.059143
  20
2478.360596
  0
VERTEX
  8
84
  10
-249.107727
  20
2477.210449
  0
VERTEX
  8
84
  10
-244.110443
  20
2476.276611
  0
VERTEX
  8
84
  10
-239.078125
  20
2475.558350
  0
VERTEX
  8
84
  10
-234.020004
  20
2475.052979
  0
VERTEX
  8
84
  10
-228.944366
  20
2474.769775
  0
VERTEX
  8
84
  10
-225.164612
  20
2474.705078
  0
VERTEX
  8
84
  10
-90.967529
  20
2474.705078
  0
VERTEX
  8
84
  10
-90.967529
  20
2484.705078
  0
SEQEND
  0
LINE
  8
7
  10
-194.947784
  20
2420.104980
  11
-194.947784
  21
2600.104980
  0
POLYLINE
  8
14
  66
1
  70
1
  250
2
  0
VERTEX
  8
14
  10
-90.967529
  20
2484.705078
  0
VERTEX
  8
14
  10
-90.967529
  20
2535.504883
  0
VERTEX
  8
14
  10
-298.928040
  20
2535.504883
  0
VERTEX
  8
14
  10
-298.787292
  20
2532.061768
  0
VERTEX
  8
14
  10
-298.372650
  20
2528.739746
  0
VERTEX
  8
14
  10
-297.695435
  20
2525.538330
  0
VERTEX
  8
14
  10
-296.766998
  20
2522.457520
  0
VERTEX
  8
14
  10
-295.598663
  20
2519.497803
  0
VERTEX
  8
14
  10
-294.201813
  20
2516.658936
  0
VERTEX
  8
14
  10
-292.587708
  20
2513.940674
  0
VERTEX
  8
14
  10
-290.767761
  20
2511.343262
  0
VERTEX
  8
14
  10
-288.753326
  20
2508.866699
  0
VERTEX
  8
14
  10
-286.555695
  20
2506.510986
  0
VERTEX
  8
14
  10
-284.186188
  20
2504.275879
  0
VERTEX
  8
14
  10
-281.656219
  20
2502.161865
  0
VERTEX
  8
14
  10
-278.977081
  20
2500.168457
  0
VERTEX
  8
14
  10
-276.160095
  20
2498.295898
  0
VERTEX
  8
14
  10
-273.216675
  20
2496.544189
  0
VERTEX
  8
14
  10
-270.158081
  20
2494.913330
  0
VERTEX
  8
14
  10
-266.995697
  20
2493.403320
  0
VERTEX
  8
14
  10
-263.740875
  20
2492.013916
  0
VERTEX
  8
14
  10
-260.404938
  20
2490.745605
  0
VERTEX
  8
14
  10
-256.999207
  20
2489.597900
  0
VERTEX
  8
14
  10
-253.535034
  20
2488.571045
  0
VERTEX
  8
14
  10
-250.023804
  20
2487.664795
  0
VERTEX
  8
14
  10
-246.476791
  20
2486.879639
  0
VERTEX
  8
14
  10
-242.905365
  20
2486.215088
  0
VERTEX
  8
14
  10
-239.320892
  20
2485.671631
  0
VERTEX
  8
14
  10
-235.734680
  20
2485.248779
  0
VERTEX
  8
14
  10
-232.158066
  20
2484.946777
  0
VERTEX
  8
14
  10
-228.602417
  20
2484.765381
  0
VERTEX
  8
14
  10
-225.079056
  20
2484.705078
  0
SEQEND
  0
POINT
  8
2
  10
-90.967529
  20
2484.705078
  0
POINT
  8
2
  10
-90.967529
  20
2535.504883
  0
POINT
  8
2
  10
-298.928040
  20
2535.504883
  0
POINT
  8
2
  10
-225.079056
  20
2484.705078
  0
POINT
  8
3
  10
-298.787292
  20
2532.061768
  0
POINT
  8
3
  10
-298.372650
  20
2528.739746
  0
POINT
  8
3
  10
-297.695435
  20
2525.538330
  0
POINT
  8
3
  10
-296.766998
  20
2522.457520
  0
POINT
  8
3
  10
-295.598663
  20
2519.497803
  0
POINT
  8
3
  10
-294.201813
  20
2516.658936
  0
POINT
  8
3
  10
-292.587708
  20
2513.940674
  0
POINT
  8
3
  10
-290.767761
  20
2511.343262
  0
POINT
  8
3
  10
-288.753326
  20
2508.866699
  0
POINT
  8
3
  10
-286.555695
  20
2506.510986
  0
POINT
  8
3
  10
-284.186188
  20
2504.275879
  0
POINT
  8
3
  10
-281.656219
  20
2502.161865
  0
POINT
  8
3
  10
-278.977081
  20
2500.168457
  0
POINT
  8
3
  10
-276.160095
  20
2498.295898
  0
POINT
  8
3
  10
-273.216675
  20
2496.544189
  0
POINT
  8
3
  10
-270.158081
  20
2494.913330
  0
POINT
  8
3
  10
-266.995697
  20
2493.403320
  0
POINT
  8
3
  10
-263.740875
  20
2492.013916
  0
POINT
  8
3
  10
-260.404938
  20
2490.745605
  0
POINT
  8
3
  10
-256.999207
  20
2489.597900
  0
POINT
  8
3
  10
-253.535034
  20
2488.571045
  0
POINT
  8
3
  10
-250.023804
  20
2487.664795
  0
POINT
  8
3
  10
-246.476791
  20
2486.879639
  0
POINT
  8
3
  10
-242.905365
  20
2486.215088
  0
POINT
  8
3
  10
-239.320892
  20
2485.671631
  0
POINT
  8
3
  10
-235.734680
  20
2485.248779
  0
POINT
  8
3
  10
-232.158066
  20
2484.946777
  0
POINT
  8
3
  10
-228.602417
  20
2484.765381
  0
TEXT
  8
15
  10
-501.383179
  20
2604.521240
  40
13.187500
  50
0.000000
  999
18.000000
  1
Colar needs to be the same on top and then folded. Not sure how we can make this so the piece can be cut oout. Also the halves need to be one
  7
STANDARD
  0
TEXT
  8
15
  10
-190.178757
  20
2511.021240
  40
9.046875
  50
90.000008
  999
11.000000
  1000
3
  1
CollarLeft
  7
STANDARD
  0
POLYLINE
  8
87
  66
1
  70
1
  250
2
  0
VERTEX
  8
87
  10
-90.967529
  20
2535.504883
  0
VERTEX
  8
87
  10
-298.928040
  20
2535.504883
  0
VERTEX
  8
87
  10
-298.787292
  20
2532.061768
  0
VERTEX
  8
87
  10
-298.372650
  20
2528.739746
  0
VERTEX
  8
87
  10
-297.695435
  20
2525.538330
  0
VERTEX
  8
87
  10
-296.766998
  20
2522.457520
  0
VERTEX
  8
87
  10
-295.598663
  20
2519.497803
  0
VERTEX
  8
87
  10
-294.201813
  20
2516.658936
  0
VERTEX
  8
87
  10
-292.587708
  20
2513.940674
  0
VERTEX
  8
87
  10
-290.767761
  20
2511.343262
  0
VERTEX
  8
87
  10
-288.753326
  20
2508.866699
  0
VERTEX
  8
87
  10
-286.555695
  20
2506.510986
  0
VERTEX
  8
87
  10
-284.186188
  20
2504.275879
  0
VERTEX
  8
87
  10
-281.656219
  20
2502.161865
  0
VERTEX
  8
87
  10
-278.977081
  20
2500.168457
  0
VERTEX
  8
87
  10
-276.160095
  20
2498.295898
  0
VERTEX
  8
87
  10
-273.216675
  20
2496.544189
  0
VERTEX
  8
87
  10
-270.158081
  20
2494.913330
  0
VERTEX
  8
87
  10
-266.995697
  20
2493.403320
  0
VERTEX
  8
87
  10
-263.740875
  20
2492.013916
  0
VERTEX
  8
87
  10
-260.404938
  20
2490.745605
  0
VERTEX
  8
87
  10
-256.999207
  20
2489.597900
  0
VERTEX
  8
87
  10
-253.535034
  20
2488.571045
  0
VERTEX
  8
87
  10
-250.023804
  20
2487.664795
  0
VERTEX
  8
87
  10
-246.476791
  20
2486.879639
  0
VERTEX
  8
87
  10
-242.905365
  20
2486.215088
  0
VERTEX
  8
87
  10
-239.320892
  20
2485.671631
  0
VERTEX
  8
87
  10
-235.734680
  20
2485.248779
  0
VERTEX
  8
87
  10
-232.158066
  20
2484.946777
  0
VERTEX
  8
87
  10
-228.602417
  20
2484.765381
  0
VERTEX
  8
87
  10
-225.079056
  20
2484.705078
  0
VERTEX
  8
87
  10
-90.967529
  20
2484.705078
  0
SEQEND
  0
TEXT
  8
1
  10
-199.951965
  20
2505.104980
  50
0.000000
  1
PIECE NAME: CollarLeft
  7
STANDARD
  0
TEXT
  8
1
  10
-199.951965
  20
2500.104980
  50
0.000000
  1
SIZE: M
  7
STANDARD
  0
TEXT
  8
1
  10
-199.951965
  20
2490.104980
  50
0.000000
  1
QUANTITY: 1
  7
STANDARD
  0
ENDBLK
  0
BLOCK
  8
1
  2
Collar Right_M
  70
64
  10
0
  20
0
  0
POLYLINE
  8
1
  66
1
  70
1
  250
0
  0
VERTEX
  8
1
  10
124.267990
  20
2484.705078
  0
VERTEX
  8
1
  10
124.267990
  20
2535.504883
  0
VERTEX
  8
1
  10
332.228485
  20
2535.504883
  0
VERTEX
  8
1
  10
342.236877
  20
2535.504883
  0
VERTEX
  8
1
  10
341.786713
  20
2528.666016
  0
VERTEX
  8
1
  10
340.396240
  20
2521.954346
  0
VERTEX
  8
1
  10
338.076782
  20
2515.505371
  0
VERTEX
  8
1
  10
334.882507
  20
2509.442139
  0
VERTEX
  8
1
  10
330.911621
  20
2503.855469
  0
VERTEX
  8
1
  10
326.284943
  20
2498.797852
  0
VERTEX
  8
1
  10
321.124847
  20
2494.285645
  0
VERTEX
  8
1
  10
315.540955
  20
2490.308838
  0
VERTEX
  8
1
  10
309.625366
  20
2486.843506
  0
VERTEX
  8
1
  10
303.452179
  20
2483.860352
  0
VERTEX
  8
1
  10
297.080109
  20
2481.330322
  0
VERTEX
  8
1
  10
292.254364
  20
2479.731934
  0
VERTEX
  8
1
  10
287.359589
  20
2478.360840
  0
VERTEX
  8
1
  10
282.408173
  20
2477.210449
  0
VERTEX
  8
1
  10
277.410950
  20
2476.276367
  0
VERTEX
  8
1
  10
272.378601
  20
2475.558350
  0
VERTEX
  8
1
  10
267.320465
  20
2475.052979
  0
VERTEX
  8
1
  10
262.244812
  20
2474.769775
  0
VERTEX
  8
1
  10
258.465057
  20
2474.705078
  0
VERTEX
  8
1
  10
124.267990
  20
2474.705078
  0
SEQEND
  0
POINT
  8
2
  10
124.267990
  20
2484.705078
  0
POINT
  8
2
  10
124.267990
  20
2535.504883
  0
POINT
  8
2
  10
332.228485
  20
2535.504883
  0
POINT
  8
2
  10
342.236877
  20
2535.504883
  0
POINT
  8
2
  10
262.244812
  20
2474.769775
  0
POINT
  8
2
  10
258.465057
  20
2474.705078
  0
POINT
  8
2
  10
124.267990
  20
2474.705078
  0
POINT
  8
3
  10
341.786713
  20
2528.666016
  0
POINT
  8
3
  10
340.396240
  20
2521.954346
  0
POINT
  8
3
  10
338.076782
  20
2515.505371
  0
POINT
  8
3
  10
334.882507
  20
2509.442139
  0
POINT
  8
3
  10
330.911621
  20
2503.855469
  0
POINT
  8
3
  10
326.284943
  20
2498.797852
  0
POINT
  8
3
  10
321.124847
  20
2494.285645
  0
POINT
  8
3
  10
315.540955
  20
2490.308838
  0
POINT
  8
3
  10
309.625366
  20
2486.843506
  0
POINT
  8
3
  10
303.452179
  20
2483.860352
  0
POINT
  8
3
  10
297.080109
  20
2481.330322
  0
POINT
  8
3
  10
292.254364
  20
2479.731934
  0
POINT
  8
3
  10
287.359589
  20
2478.360840
  0
POINT
  8
3
  10
282.408173
  20
2477.210449
  0
POINT
  8
3
  10
277.410950
  20
2476.276367
  0
POINT
  8
3
  10
272.378601
  20
2475.558350
  0
POINT
  8
3
  10
267.320465
  20
2475.052979
  0
POLYLINE
  8
84
  66
1
  70
1
  250
1
  0
VERTEX
  8
84
  10
124.267990
  20
2535.504883
  0
VERTEX
  8
84
  10
332.228485
  20
2535.504883
  0
VERTEX
  8
84
  10
342.236877
  20
2535.504883
  0
VERTEX
  8
84
  10
341.786713
  20
2528.666016
  0
VERTEX
  8
84
  10
341.220459
  20
2525.285889
  0
VERTEX
  8
84
  10
340.396240
  20
2521.954346
  0
VERTEX
  8
84
  10
339.347229
  20
2518.688965
  0
VERTEX
  8
84
  10
338.076782
  20
2515.505371
  0
VERTEX
  8
84
  10
336.584412
  20
2512.418945
  0
VERTEX
  8
84
  10
334.882507
  20
2509.442139
  0
VERTEX
  8
84
  10
332.986572
  20
2506.584961
  0
VERTEX
  8
84
  10
330.911621
  20
2503.855469
  0
VERTEX
  8
84
  10
328.672546
  20
2501.258789
  0
VERTEX
  8
84
  10
326.284943
  20
2498.797852
  0
VERTEX
  8
84
  10
323.764374
  20
2496.473633
  0
VERTEX
  8
84
  10
321.124847
  20
2494.285645
  0
VERTEX
  8
84
  10
315.540955
  20
2490.308838
  0
VERTEX
  8
84
  10
309.625366
  20
2486.843506
  0
VERTEX
  8
84
  10
303.452179
  20
2483.860352
  0
VERTEX
  8
84
  10
297.080109
  20
2481.330322
  0
VERTEX
  8
84
  10
292.254364
  20
2479.731934
  0
VERTEX
  8
84
  10
287.359589
  20
2478.360840
  0
VERTEX
  8
84
  10
282.408173
  20
2477.210449
  0
VERTEX
  8
84
  10
277.410950
  20
2476.276367
  0
VERTEX
  8
84
  10
272.378601
  20
2475.558350
  0
VERTEX
  8
84
  10
267.320465
  20
2475.052979
  0
VERTEX
  8
84
  10
262.244812
  20
2474.769775
  0
VERTEX
  8
84
  10
258.465057
  20
2474.705078
  0
VERTEX
  8
84
  10
124.267990
  20
2474.705078
  0
VERTEX
  8
84
  10
124.267990
  20
2484.705078
  0
SEQEND
  0
LINE
  8
7
  10
228.248230
  20
2420.104980
  11
228.248230
  21
2600.104980
  0
POLYLINE
  8
14
  66
1
  70
1
  250
2
  0
VERTEX
  8
14
  10
124.267990
  20
2484.705078
  0
VERTEX
  8
14
  10
124.267990
  20
2535.504883
  0
VERTEX
  8
14
  10
332.228485
  20
2535.504883
  0
VERTEX
  8
14
  10
332.087738
  20
2532.061768
  0
VERTEX
  8
14
  10
331.673096
  20
2528.739746
  0
VERTEX
  8
14
  10
330.995911
  20
2525.538330
  0
VERTEX
  8
14
  10
330.067444
  20
2522.457520
  0
VERTEX
  8
14
  10
328.899109
  20
2519.497803
  0
VERTEX
  8
14
  10
327.502258
  20
2516.658936
  0
VERTEX
  8
14
  10
325.888184
  20
2513.940674
  0
VERTEX
  8
14
  10
324.068237
  20
2511.343262
  0
VERTEX
  8
14
  10
322.053802
  20
2508.866699
  0
VERTEX
  8
14
  10
319.856140
  20
2506.510986
  0
VERTEX
  8
14
  10
317.486633
  20
2504.275879
  0
VERTEX
  8
14
  10
314.956696
  20
2502.161865
  0
VERTEX
  8
14
  10
312.277527
  20
2500.168457
  0
VERTEX
  8
14
  10
309.460571
  20
2498.295898
  0
VERTEX
  8
14
  10
306.517120
  20
2496.544189
  0
VERTEX
  8
14
  10
303.458557
  20
2494.913330
  0
VERTEX
  8
14
  10
300.296173
  20
2493.403320
  0
VERTEX
  8
14
  10
297.041321
  20
2492.013916
  0
VERTEX
  8
14
  10
293.705383
  20
2490.745605
  0
VERTEX
  8
14
  10
290.299652
  20
2489.597900
  0
VERTEX
  8
14
  10
286.835510
  20
2488.571045
  0
VERTEX
  8
14
  10
283.324249
  20
2487.664795
  0
VERTEX
  8
14
  10
279.777252
  20
2486.879639
  0
VERTEX
  8
14
  10
276.205841
  20
2486.215088
  0
VERTEX
  8
14
  10
272.621338
  20
2485.671631
  0
VERTEX
  8
14
  10
269.035126
  20
2485.248779
  0
VERTEX
  8
14
  10
265.458527
  20
2484.946777
  0
VERTEX
  8
14
  10
261.902893
  20
2484.765381
  0
VERTEX
  8
14
  10
258.379517
  20
2484.705078
  0
SEQEND
  0
POINT
  8
2
  10
124.267990
  20
2484.705078
  0
POINT
  8
2
  10
124.267990
  20
2535.504883
  0
POINT
  8
2
  10
332.228485
  20
2535.504883
  0
POINT
  8
2
  10
258.379517
  20
2484.705078
  0
POINT
  8
3
  10
332.087738
  20
2532.061768
  0
POINT
  8
3
  10
331.673096
  20
2528.739746
  0
POINT
  8
3
  10
330.995911
  20
2525.538330
  0
POINT
  8
3
  10
330.067444
  20
2522.457520
  0
POINT
  8
3
  10
328.899109
  20
2519.497803
  0
POINT
  8
3
  10
327.502258
  20
2516.658936
  0
POINT
  8
3
  10
325.888184
  20
2513.940674
  0
POINT
  8
3
  10
324.068237
  20
2511.343262
  0
POINT
  8
3
  10
322.053802
  20
2508.866699
  0
POINT
  8
3
  10
319.856140
  20
2506.510986
  0
POINT
  8
3
  10
317.486633
  20
2504.275879
  0
POINT
  8
3
  10
314.956696
  20
2502.161865
  0
POINT
  8
3
  10
312.277527
  20
2500.168457
  0
POINT
  8
3
  10
309.460571
  20
2498.295898
  0
POINT
  8
3
  10
306.517120
  20
2496.544189
  0
POINT
  8
3
  10
303.458557
  20
2494.913330
  0
POINT
  8
3
  10
300.296173
  20
2493.403320
  0
POINT
  8
3
  10
297.041321
  20
2492.013916
  0
POINT
  8
3
  10
293.705383
  20
2490.745605
  0
POINT
  8
3
  10
290.299652
  20
2489.597900
  0
POINT
  8
3
  10
286.835510
  20
2488.571045
  0
POINT
  8
3
  10
283.324249
  20
2487.664795
  0
POINT
  8
3
  10
279.777252
  20
2486.879639
  0
POINT
  8
3
  10
276.205841
  20
2486.215088
  0
POINT
  8
3
  10
272.621338
  20
2485.671631
  0
POINT
  8
3
  10
269.035126
  20
2485.248779
  0
POINT
  8
3
  10
265.458527
  20
2484.946777
  0
POINT
  8
3
  10
261.902893
  20
2484.765381
  0
TEXT
  8
15
  10
218.483124
  20
2511.050293
  40
11.500000
  50
270.000000
  999
11.000000
  1000
3
  1
Collar Right
  7
STANDARD
  0
POLYLINE
  8
87
  66
1
  70
1
  250
2
  0
VERTEX
  8
87
  10
124.267990
  20
2535.504883
  0
VERTEX
  8
87
  10
332.228485
  20
2535.504883
  0
VERTEX
  8
87
  10
332.087738
  20
2532.061768
  0
VERTEX
  8
87
  10
331.673096
  20
2528.739746
  0
VERTEX
  8
87
  10
330.995911
  20
2525.538330
  0
VERTEX
  8
87
  10
330.067444
  20
2522.457520
  0
VERTEX
  8
87
  10
328.899109
  20
2519.497803
  0
VERTEX
  8
87
  10
327.502258
  20
2516.658936
  0
VERTEX
  8
87
  10
325.888184
  20
2513.940674
  0
VERTEX
  8
87
  10
324.068237
  20
2511.343262
  0
VERTEX
  8
87
  10
322.053802
  20
2508.866699
  0
VERTEX
  8
87
  10
319.856140
  20
2506.510986
  0
VERTEX
  8
87
  10
317.486633
  20
2504.275879
  0
VERTEX
  8
87
  10
314.956696
  20
2502.161865
  0
VERTEX
  8
87
  10
312.277527
  20
2500.168457
  0
VERTEX
  8
87
  10
309.460571
  20
2498.295898
  0
VERTEX
  8
87
  10
306.517120
  20
2496.544189
  0
VERTEX
  8
87
  10
303.458557
  20
2494.913330
  0
VERTEX
  8
87
  10
300.296173
  20
2493.403320
  0
VERTEX
  8
87
  10
297.041321
  20
2492.013916
  0
VERTEX
  8
87
  10
293.705383
  20
2490.745605
  0
VERTEX
  8
87
  10
290.299652
  20
2489.597900
  0
VERTEX
  8
87
  10
286.835510
  20
2488.571045
  0
VERTEX
  8
87
  10
283.324249
  20
2487.664795
  0
VERTEX
  8
87
  10
279.777252
  20
2486.879639
  0
VERTEX
  8
87
  10
276.205841
  20
2486.215088
  0
VERTEX
  8
87
  10
272.621338
  20
2485.671631
  0
VERTEX
  8
87
  10
269.035126
  20
2485.248779
  0
VERTEX
  8
87
  10
265.458527
  20
2484.946777
  0
VERTEX
  8
87
  10
261.902893
  20
2484.765381
  0
VERTEX
  8
87
  10
258.379517
  20
2484.705078
  0
VERTEX
  8
87
  10
124.267990
  20
2484.705078
  0
SEQEND
  0
TEXT
  8
1
  10
233.252441
  20
2505.104980
  50
0.000000
  1
PIECE NAME: Collar Right
  7
STANDARD
  0
TEXT
  8
1
  10
233.252441
  20
2500.104980
  50
0.000000
  1
SIZE: M
  7
STANDARD
  0
TEXT
  8
1
  10
233.252441
  20
2490.104980
  50
0.000000
  1
QUANTITY: 1
  7
STANDARD
  0
ENDBLK
  0
ENDSEC
  0
SECTION
  2
ENTITIES
  0
INSERT
  8
1
  2
Right Sleeve_M
  10
0.000000
  20
0.000000
  0
INSERT
  8
1
  2
Left Sleeve_M
  10
0.000000
  20
0.000000
  0
INSERT
  8
1
  2
Body_Back_2_M
  10
0.000000
  20
0.000000
  0
INSERT
  8
1
  2
Body_Front_3_M
  10
0.000000
  20
0.000000
  0
INSERT
  8
1
  2
Body_Front_4_M
  10
0.000000
  20
0.000000
  0
INSERT
  8
1
  2
Body_Back_3_M
  10
0.000000
  20
0.000000
  0
INSERT
  8
1
  2
Wait Left_M
  10
0.000000
  20
0.000000
  0
INSERT
  8
1
  2
Right_M
  10
0.000000
  20
0.000000
  0
INSERT
  8
1
  2
CollarLeft_M
  10
0.000000
  20
0.000000
  0
INSERT
  8
1
  2
Collar Right_M
  10
0.000000
  20
0.000000
  0
TEXT
  8
1
  10
0.000000
  20
0.000000
  40
0.250000
  50
0.000000
  1
STYLE NAME: MaleJacket
  7
STANDARD
  0
TEXT
  8
1
  10
0.000000
  20
0.000000
  40
0.250000
  50
0.000000
  1
CREATION DATE: 17-09-2026
  7
STANDARD
  0
TEXT
  8
1
  10
0.000000
  20
0.000000
  40
0.250000
  50
0.000000
  1
CREATION TIME: 16:29
  7
STANDARD
  0
TEXT
  8
1
  10
0.000000
  20
0.000000
  40
0.250000
  50
0.000000
  1
AUTHOR: CLO Virtual Fashion Inc.
  7
STANDARD
  0
TEXT
  8
1
  10
0.000000
  20
0.000000
  40
0.250000
  50
0.000000
  1
PRODUCT: CLO Standalone OnlineAuth 2026.1.224
  7
STANDARD
  0
TEXT
  8
1
  10
0.000000
  20
0.000000
  40
0.250000
  50
0.000000
  1
VERSION: 3
  7
STANDARD
  0
TEXT
  8
1
  10
0.000000
  20
0.000000
  40
0.250000
  50
0.000000
  1
SAMPLE SIZE: M
  7
STANDARD
  0
TEXT
  8
1
  10
0.000000
  20
0.000000
  40
0.250000
  50
0.000000
  1
Grade Rule Table: Size_Group_1
  7
STANDARD
  0
TEXT
  8
1
  10
0.000000
  20
0.000000
  40
0.250000
  50
0.000000
  1
UNITS: METRIC
  7
STANDARD
  0
ENDSEC
  0
EOF
